1,図書(和書),IT vs放送次世代メディアビジネスの攻防　　　　,,西 正／著,日経BP社,200510,699.21,○
2,図書(和書),アイデアマンになる　　　　,,古舘プロジェクトブレーン集団「アングル」／著,ソフトバンククリエイティブ,200512,699.67,○
3,図書(和書),赤坂短信　2　私の『オーケストラがやってきた』　　,,萩元 晴彦／著,創世記,198000,699.66,○
4,図書(和書),明るく楽しく　　　　,,青木 裕子／著,辰巳出版,201009,699.39,○
5,図書(和書),あさえがお　　　　,,加藤 綾子／著,小学館,201611,699.39,○
6,図書(和書),明日のテレビ　　　　朝日新書 248,朝日新書 248,志村 一隆／著,朝日新聞出版,201007,699.253,○
7,図書(和書),アジア衛星スター・ウォーズ　　　　岩波ブックレット No.369,岩波ブックレット No.369,毎日新聞外信部／[著],岩波書店,199503,699.22,○
8,図書(和書),新しい「子ども-テレビ関係」の確立をねがって　　　　,,,東京都生活文化局婦人青少年部企画課,198600,699.8,○
9,図書(児童),アナウンサー　　　　はたらく姿に学ぶ仕事日記,はたらく姿に学ぶ仕事日記,新堀 俊明／著,あいうえお館,198503,699.39,○
10,図書(和書),アナウンサーになる!　　　　,,永井 譲治／著,毎日新聞社,200512,699.39,○
11,図書(和書),アナウンサーになるには　　　　なるにはBOOKS 6,なるにはBOOKS 6,北村 隆／著,ぺりかん社,199200,699.39,○
12,図書(児童),アナウンサーになろう!　　　　心の友だち,心の友だち,堤 江実／著,PHP研究所,201404,699.39,○
13,図書(和書),アナウンサーの日本語講座　　　　,,塩原 慎次朗／著,創拓社出版,200310,699.39,○
14,図書(和書),アナウンサーはなぜ消えたのか　　　　,,秋島 百合子／著,草思社,198911,699.233,○
15,図書(和書),アナウンサーたちの70年　　　　,,NHKアナウンサー史編集委員会／編,講談社,199212,699.39,○
16,図書(和書),アナカツっ!　　　　,,天野川 ミク／著,秀和システム,201707,699.39,○
17,図書(和書),あなたの知らないNHK　　　　,,志賀 信夫／著,電波新聞社,197500,699.21,○
18,図書(和書),あなたもアナウンサーになれる!　　　　,,鎌田 正明／著,講談社,201110,699.39,○
19,図書(和書),あの頃　　　　,,小川 宏／著,ポプラ社,200307,699.6,○
20,図書(和書),あの実況がすごかった　　　　メディアファクトリー新書 035,メディアファクトリー新書 035,伊藤 滋之／著,メディアファクトリー,201108,699.65,○
21,図書(和書),あの日、夢の箱を開けた!　　　　テレビサライ・ブックス,テレビサライ・ブックス,『テレビサライ』編集部／編,小学館,200310,699.04,○
22,図書(和書),暴かれた真実NHK番組改ざん事件　　　　,,「戦争と女性への暴力」日本ネットワーク／編,現代書館,201011,699.21,○
23,図書(和書),安倍官邸vs.NHK　　　　,,相澤 冬樹／著,文藝春秋,201812,699.64,○
24,図書(和書),安倍政治と言論統制　　　　,,週刊金曜日／編,金曜日,201603,699.1,○
25,図書(和書),アメリカ横断TVガイド　　　　映画秘宝COLLECTION 14,映画秘宝COLLECTION 14,町山 智浩／著,洋泉社,200009,699.6,○
26,図書(和書),アメリカのテレビ　　　　YTV Reportシリーズ 2,YTV Reportシリーズ 2,YTV／編,読売テレビ放送,196900,699.253,○
27,図書(和書),アメリカン・テレビ・ウォーズ　　　　丸善ライブラリー 142,丸善ライブラリー 142,山口 秀夫／著,丸善,199412,699.253,○
28,図書(和書),抗うニュースキャスター　　　　,,金平 茂紀／著,かもがわ出版,201609,699.64,○
29,図書(和書),アルジャジーラ　　　　,,ヒュー・マイルズ／著,光文社,200508,699.067,○
30,図書(和書),アルジャジーラとメディアの壁　　　　,,石田 英敬／著,岩波書店,200609,699.067,○
31,図書(和書),アルジャジーラとはどういうテレビ局か　　　　,,オルファ・ラムルム／著,平凡社,200510,699.067,○
32,図書(和書),池上無双　　　　角川新書 K-83,角川新書 K-83,福田 裕昭／[著],KADOKAWA,201606,699.64,○
33,図書(和書),以上、現場からでした。　　　　,,安藤 優子／著,マガジンハウス,200311,699.64,○
34,図書(和書),泉麻人の僕のTV日記　　　　新潮文庫,新潮文庫,泉 麻人／著,新潮社,199403,699.04,○
35,図書(和書),一葦の記　　　　,,諏訪 博／著,TBSブリタニカ,198101,699.38,○
36,図書(和書),一億稼ぐ!放送作家になる　　　　マニュアルのない職業就活ガイドシリーズ 3,マニュアルのない職業就活ガイドシリーズ 3,安達 元一／著,ゴマブックス,200903,699.67,○
37,図書(和書),"18,000秒ドキュメント　　　　",,放送批評懇談会／編,白川書院,197700,699.6,○
38,図書(和書),いつも一言多いあのアナウンサーのちょっとめったに聞けない話　　　　,,長谷川 豊／著,小学館,201309,699.39,○
39,図書(和書),伊藤Pのモヤモヤ仕事術　　　　集英社新書 0607,集英社新書 0607,伊藤 隆行／著,集英社,201109,699.6,○
40,図書(和書),イノベーションは「3+7の物語」で成功する　　　　,,佐久間 昇二／著,PHP研究所,201604,699.067,○
41,図書(和書),今だから言える日本政治の「タブー」　　　　,,田原 総一朗／著,扶桑社(発売),201007,699.64,○
42,図書(和書),いまなぜ　　　　,,仲築間 卓蔵／著,フリーダム,200812,699,○
43,図書(和書),いまさら聞けないデジタル放送用語事典　2002　　　メディア総研ブックレット Number8,メディア総研ブックレット Number8,メディア総合研究所／編,花伝社,200202,699.033,○
44,図書(和書),いまさら聞けないデジタル放送用語事典　2004　　　メディア総研ブックレット Number9,メディア総研ブックレット Number9,メディア総合研究所／編,花伝社,200309,699.033,○
45,図書(和書),irodori　　　　,,高島 彩／著,幻冬舎,201202,699.39,○
46,図書(和書),岩合光昭の世界ネコ歩き番組ガイドブック　[正]　　　,,岩合 光昭／著,クレヴィス,201504,699.67,○
47,図書(和書),岩合光昭の世界ネコ歩き番組ガイドブック　続　　　,,岩合 光昭／著,クレヴィス,201608,699.67,○
48,図書(和書),岩合光昭の世界ネコ歩き番組ガイドブック　続々　　　,,岩合 光昭／著,クレヴィス,201805,699.67,○
49,図書(和書),インターネット・サバイバル　　　　,,福田 秀和／著,日本評論社,200105,699.64,○
50,図書(和書),内側から見たテレビ　　　　朝日新書 486,朝日新書 486,水島 宏明／著,朝日新聞出版,201411,699,○
51,図書(和書),美しき旗手たちの語録　　　　,,吉田 直哉／編著,日本放送出版協会,198612,699.04,○
52,図書(和書),ウドウロク　　　　新潮文庫 う-25-1,新潮文庫 う-25-1,有働 由美子／著,新潮社,201805,699.39,○
53,図書(和書),ウドウロク　　　　,,有働 由美子／著,新潮社,201410,699.39,○
54,図書(和書),Ultimate DJ handbook　　　　,,いとうせいこう&Ultimate Crew／監修・編,日之出出版,198812,699.66,○
55,図書(和書),ウルトラクイズ伝説　　　　,,福留 功男／編著,日本テレビ放送網,200002,699.67,○
56,図書(和書),うんちくブック　　　　,,テレビ朝日「虎の門」うんちく王選定委員会／編,双葉社,200309,699.67,○
57,図書(和書),衛星放送とハイビジョン　　　　Trend books 112,Trend books 112,白川 通信／著,教育社,199005,699,○
58,図書(和書),映像技術者になるには　　　　なるにはBOOKS 71,なるにはBOOKS 71,木村 由香里／著,ぺりかん社,201005,699.3,○
59,図書(和書),映像産業の未来を考える　　　　,,青木 貞伸／著,電波新聞社,199104,699,○
60,図書(和書),映像とは何だろうか　　　　岩波新書 新赤版 842,岩波新書 新赤版 842,吉田 直哉／著,岩波書店,200306,699.6,○
61,図書(和書),映像に見る地方の時代　　　　,,村木 良彦／著,博文館新社,201207,699.64,○
62,図書(和書),映像の帝国　　　　,,エリック・バーナウ／著,サイマル出版会,197300,699.253,○
63,図書(和書),映像メディアのプロになる!　　　　,,奥村 健太／著,河出書房新社,201003,699,○
64,図書(和書),エキストラが見た芸能界の裏オモテ　　　　,,多田 文明／著,彩図社,200403,699.67,○
65,図書(和書),NHK　　　　岩波新書 新赤版 1521,岩波新書 新赤版 1521,松田 浩／著,岩波書店,201412,699.21,○
66,図書(和書),NHK　　　　ND books,ND books,佐藤 吉雄／著,朝日新聞社,199205,699.21,○
67,図書(和書),NHK　　　　入門新書 時事問題解説 162,入門新書 時事問題解説 162,原 幸治郎／著,教育社,197812,699.21,○
68,図書(和書),NHK　　　　岩波新書 新赤版 947,岩波新書 新赤版 947,松田 浩／著,岩波書店,200505,699.21,○
69,図書(和書),NHK アナウンス・セミナー　　　　,,日本放送協会／編,日本放送出版協会,198506,699.39,○
70,図書(和書),NHKアナウンス・セミナー　　　　,,NHKアナウンス・セミナー編集委員会／編,日本放送出版協会,200507,699.39,○
71,図書(和書),NHK王国ニュースキャスターの戦場　　　　,,大下 英治／著,講談社,199212,699.64,○
72,図書(和書),NHK王国ヒットメーカーの挑戦　　　　,,大下 英治／著,講談社,199405,699.6,○
73,図書(和書),NHK解体新書　　　　WAC BUNKO B-311,WAC BUNKO B-311,有馬 哲夫／著,ワック,201910,699.21,×
74,図書(和書),NHKが危ない!　　　　,,池田 恵理子／著,あけび書房,201404,699.21,○
75,図書(和書),NHKが日本をダメにした　　　　詩想社新書 3,詩想社新書 3,武田 邦彦／著,詩想社,201412,699.21,○
76,図書(和書),NHK視聴者サービス報告書　2010　　　,,,日本放送協会視聴者サービス報告書2010編集委員会,201005,699.3,○
77,図書(和書),NHK社会部記者　　　　,,神戸 四郎／著,朝日新聞社,198603,699.64,○
78,図書(和書),NHK取材班アマゾンを撮る男たち　　　　TJ MOOK,TJ MOOK,,宝島社,201605,699.63,×
79,図書(和書),NHK受信料を考える　　　　,,稲葉 三千男／著,青木書店,198511,699.1,○
80,図書(和書),NHK受信料は拒否できるのか　　　　,,土屋 英雄／著,明石書店,200801,699.1,○
81,図書(和書),NHK テレビ美術読本　　　　,,日本放送協会／編,日本放送出版協会,198106,699,○
82,図書(和書),NHKデータブック世界の放送　1998　　　,,NHK放送文化研究所／編,日本放送出版協会,199806,699.2,○
83,図書(和書),NHKデータブック世界の放送　1999　　　,,NHK放送文化研究所／編,日本放送出版協会,199903,699.2,○
84,図書(和書),NHKデータブック世界の放送　2002　　　,,NHK放送文化研究所／編,日本放送出版協会,200206,699.2,○
85,図書(和書),NHKデータブック世界の放送　2003　　　,,NHK放送文化研究所／編,日本放送出版協会,200303,699.2,○
86,図書(和書),NHKデータブック世界の放送　2004　　　,,NHK放送文化研究所／編,日本放送出版協会,200403,699.2,○
87,図書(和書),NHKデータブック世界の放送　2005　　　,,NHK放送文化研究所／編,日本放送出版協会,200502,699.2,○
88,図書(和書),NHKデータブック世界の放送　2006　　　,,NHK放送文化研究所／編,日本放送出版協会,200603,699.2,○
89,図書(和書),NHKデータブック世界の放送　2007　　　,,NHK放送文化研究所／編,日本放送出版協会,200703,699.2,○
90,図書(和書),NHKデータブック世界の放送　2008　　　,,NHK放送文化研究所／編,日本放送出版協会,200803,699.2,○
91,図書(和書),NHKデータブック世界の放送　2009　　　,,NHK放送文化研究所／編,日本放送出版協会,200902,699.2,○
92,図書(和書),NHKデータブック世界の放送　2010　　　,,NHK放送文化研究所／編,日本放送出版協会,201002,699.2,○
93,図書(和書),NHKデータブック世界の放送　2011　　　,,NHK放送文化研究所／編,NHK出版,201102,699.2,○
94,図書(和書),NHKデータブック世界の放送　2012　　　,,NHK放送文化研究所／編,NHK出版,201202,699.2,○
95,図書(和書),NHKデータブック世界の放送　2013　　　,,NHK放送文化研究所／編,NHK出版,201302,699.2,○
96,図書(和書),NHKデータブック世界の放送　2014　　　,,NHK放送文化研究所／編,NHK出版,201401,699.2,○
97,図書(和書),NHKデータブック世界の放送　2015　　　,,NHK放送文化研究所／編,NHK出版,201502,699.2,○
98,図書(和書),NHKデータブック世界の放送　2016　　　,,NHK放送文化研究所／編,NHK出版,201602,699.2,○
99,図書(和書),NHKデータブック世界の放送　2017　　　,,NHK放送文化研究所／編,NHK出版,201702,699.2,○
100,図書(和書),NHKデータブック世界の放送　2018　　　,,NHK放送文化研究所／編,NHK出版,201802,699.2,○
101,図書(和書),NHKデータブック世界の放送　1999　　　,,NHK放送文化研究所／編,日本放送出版協会,199903,699.2,○
102,図書(和書),NHKと政治　　　　,,川崎 泰資／著,朝日新聞社,199709,699.21,○
103,図書(和書),NHKと政治権力　　　　岩波現代文庫 社会 273,岩波現代文庫 社会 273,永田 浩三／著,岩波書店,201408,699.21,×
104,図書(和書),NHKと政治支配　　　　,,飯室 勝彦／著,現代書館,201408,699.21,○
105,図書(和書),「NHK特集」を読む　　　　,,小林 紀興／著,光文社,198811,699.64,○
106,図書(和書),NHK年鑑　1961　　　,,日本放送協会／編,日本放送出版協会,196012,699.21,×
107,図書(和書),NHK年鑑　1959　　　,,日本放送協会／編,日本放送出版協会,195812,699.21,×
108,図書(和書),NHK年鑑　'71　1970.4〜1971.3　　,,日本放送協会／編,日本放送出版協会,197100,699.21,○
109,図書(和書),NHK年鑑　1960　　　,,日本放送協会／編,日本放送出版協会,195912,699.21,×
110,図書(和書),NHK年鑑　1958　　　,,日本放送協会／編,日本放送出版協会,195711,699.21,×
111,図書(和書),NHK年鑑　'70　1969.4〜1970.3　　,,日本放送協会／編,日本放送出版協会,197000,699.21,○
112,図書(和書),NHK年鑑　1962　　　,,日本放送協会／編,日本放送出版協会,196112,699.21,×
113,図書(和書),NHK年鑑　1962No.2　　　,,日本放送協会／編,日本放送出版協会,196209,699.21,×
114,図書(和書),NHK年鑑　'72　1971.4〜1972.3　　,,日本放送協会／編,日本放送出版協会,197200,699.21,○
115,図書(和書),NHK年鑑　1956　　　,,日本放送協会／編,日本放送出版協会,195511,699.21,×
116,図書(和書),NHK年鑑　'65　　　,,日本放送協会／編,日本放送出版協会,196510,699.21,×
117,図書(和書),NHK年鑑　'73　1972.4〜1973.3　　,,日本放送協会／編集,日本放送出版協会,197300,699.21,○
118,図書(和書),NHK年鑑　'66　　　,,日本放送協会／編,日本放送出版協会,196600,699.21,×
119,図書(和書),NHK年鑑　76　　　,,日本放送協会／[著],日本放送出版協会,197600,699.21,○
120,図書(和書),NHK年鑑　'67　　　,,日本放送協会総合放送文化研究所放送史編修室／編集,日本放送出版協会,196709,699.21,×
121,図書(和書),NHK年鑑　'63　　　,,日本放送協会／編,日本放送出版協会,196310,699.21,×
122,図書(和書),NHK年鑑　'74　1973.4〜1974.3　　,,日本放送協会／編集,日本放送出版協会,197400,699.21,○
123,図書(和書),NHK年鑑　'75　1974.4〜1975.3　　,,日本放送協会／編集,日本放送出版協会,197500,699.21,○
124,図書(和書),NHK年鑑　'64　　　,,日本放送協会／編,日本放送出版協会,196410,699.21,×
125,図書(和書),NHK年鑑　'81　1980.4〜1981.3　　,,日本放送協会／編,日本放送出版協会,198100,699.21,○
126,図書(和書),NHK年鑑　'82　1981.4〜1982.3　　,,日本放送協会／編,日本放送出版協会,198209,699.21,○
127,図書(和書),NHK年鑑　'83　1982.4〜1983.3　　,,日本放送協会／編集,日本放送出版協会,198309,699.21,○
128,図書(和書),NHK年鑑　'84　　　,,日本放送協会／編,日本放送出版協会,198409,699.21,○
129,図書(和書),NHK年鑑　78　　　,,日本放送協会／編,日本放送出版協会,197800,699.21,○
130,図書(和書),NHK年鑑　2004　　　,,NHK放送文化研究所／編集,日本放送出版協会,200410,699.21,○
131,図書(和書),NHK年鑑　2005　　　,,NHK放送文化研究所／編集,日本放送出版協会,200510,699.21,○
132,図書(和書),NHK年鑑　'79　　　,,日本放送協会／編,日本放送出版協会,197909,699.21,○
133,図書(和書),NHK年鑑　'80　　　,,日本放送協会／編,日本放送出版協会,198009,699.21,○
134,図書(和書),NHK年鑑　2016　　　,,NHK放送文化研究所／編,NHK出版,201611,699.21,○
135,図書(和書),NHK年鑑　2017　　　,,NHK放送文化研究所／編,NHK出版,201711,699.21,○
136,図書(和書),NHK年鑑　2018　　　,,NHK放送文化研究所／編,NHK出版,201810,699.21,○
137,図書(和書),NEW NHK年鑑　2019　　　,,NHK放送文化研究所／編,NHK出版,201910,699.21,×
138,図書(和書),NHK年鑑　'85　　　,,日本放送協会／編,日本放送出版協会,198509,699.21,○
139,図書(和書),NHK年鑑　2012　　　,,NHK放送文化研究所／編,NHK出版,201210,699.21,○
140,図書(和書),NHK年鑑　2013　　　,,NHK放送文化研究所／編,NHK出版,201311,699.21,○
141,図書(和書),NHK年鑑　2014　　　,,NHK放送文化研究所／編,NHK出版,201411,699.21,○
142,図書(和書),NHK年鑑　2015　　　,,NHK放送文化研究所／編,NHK出版,201511,699.21,○
143,図書(和書),NHK年鑑　2006　　　,,NHK放送文化研究所／編集,日本放送出版協会,200611,699.21,○
144,図書(和書),NHK年鑑　2007　　　,,NHK放送文化研究所／編集,日本放送出版協会,200711,699.21,○
145,図書(和書),NHK年鑑　2008　　　,,NHK放送文化研究所／編,日本放送出版協会,200810,699.21,○
146,図書(和書),NHK年鑑　2009　　　,,NHK放送文化研究所／編,日本放送出版協会,200909,699.21,○
147,図書(和書),NHK年鑑　2010　　　,,NHK放送文化研究所／編,日本放送出版協会,201009,699.21,○
148,図書(和書),NHK年鑑　2011　　　,,NHK放送文化研究所／編,NHK出版,201111,699.21,○
149,図書(和書),NHK年鑑　21　NHK年鑑　1968　,,有山 輝雄／監修,ゆまに書房,200007,699.21,×
150,図書(和書),NHK年鑑　22　NHK年鑑　1969　,,有山 輝雄／監修,ゆまに書房,200007,699.21,×
151,図書(和書),NHK年鑑　23　NHK年鑑　1970　,,有山 輝雄／監修,ゆまに書房,200007,699.21,×
152,図書(和書),NHK年鑑　2000　　　,,NHK放送文化研究所／編集,日本放送出版協会,200010,699.21,×
153,図書(和書),NHK年鑑　2001　　　,,NHK放送文化研究所／編集,日本放送出版協会,200110,699.21,○
154,図書(和書),NHK年鑑　2003　　　,,NHK放送文化研究所／編集,日本放送出版協会,200310,699.21,○
155,図書(和書),NHK年鑑　'98　　　,,日本放送協会放送文化研究所(メディア情報)／編,日本放送出版協会,199810,699.21,○
156,図書(和書),NHK年鑑　1　ラジオ年鑑　昭和23年版　,,有山 輝雄／監修,ゆまに書房,199908,699.21,×
157,図書(和書),NHK年鑑　2　ラジオ年鑑　昭和24年版　,,有山 輝雄／監修,ゆまに書房,199908,699.21,×
158,図書(和書),NHK年鑑　'99　　　,,日本放送協会放送文化研究所(メディア情報)／編集,日本放送出版協会,199911,699.21,○
159,図書(和書),NHK年鑑　3　ラジオ年鑑　昭和25年版　,,有山 輝雄／監修,ゆまに書房,199908,699.21,×
160,図書(和書),NHK年鑑　4　ラジオ年鑑　1951　,,有山 輝雄／監修,ゆまに書房,199908,699.21,×
161,図書(和書),NHK年鑑　5　ラジオ年鑑　1953　,,有山 輝雄／監修,ゆまに書房,199908,699.21,×
162,図書(和書),NHK年鑑　1954　　　,,日本放送協会／編,ラジオサービスセンター,195312,699.21,×
163,図書(和書),NHK年鑑　1955　　　,,日本放送協会／編,ラジオサービスセンター,195412,699.21,×
164,図書(和書),NHK年鑑　'77　1976.4〜1977.3　　,,日本放送協会／編集,日本放送出版協会,197700,699.21,○
165,図書(和書),NHK年鑑　'87　　　,,日本放送協会放送文化調査研究所放送情報調査部／編,日本放送出版協会,198709,699.21,○
166,図書(和書),NHK年鑑　'88　　　,,日本放送協会放送文化調査研究所放送情報調査部／編,日本放送出版協会,198809,699.21,○
167,図書(和書),NHK年鑑　'89　　　,,日本放送協会放送文化調査研究所放送情報調査部／編,日本放送出版協会,198910,699.21,○
168,図書(和書),NHK年鑑　'90　　　,,日本放送協会放送文化研究所放送情報調査部／編,日本放送出版協会,199010,699.21,○
169,図書(和書),NHK年鑑　'91　　　,,日本放送協会放送文化研究所放送情報調査部／編,日本放送出版協会,199110,699.21,○
170,図書(和書),NHK年鑑　'92　　　,,日本放送協会放送文化研究所放送情報調査部／編,日本放送出版協会,199210,699.21,○
171,図書(和書),NHK年鑑　'93　　　,,日本放送協会放送文化研究所放送情報調査部／編,日本放送出版協会,199310,699.21,○
172,図書(和書),NHK年鑑　'94　　　,,日本放送協会放送文化研究所放送情報調査部／編,日本放送出版協会,199410,699.21,○
173,図書(和書),NHK年鑑　'95　　　,,日本放送協会放送文化研究所放送情報調査部／編,日本放送出版協会,199510,699.21,○
174,図書(和書),NHK年鑑　'96　　　,,日本放送協会放送文化研究所放送情報調査部／編,日本放送出版協会,199610,699.21,○
175,図書(和書),NHK年鑑　'97　　　,,日本放送協会放送文化研究所(メディア情報)／編,日本放送出版協会,199710,699.21,○
176,図書(和書),NHK年鑑　'86　'85.4→'86.3　　,,日本放送協会放送文化調査研究所放送情報調査部／編,日本放送出版協会,198609,699.21,○
177,図書(和書),NHK年鑑　1957　　　,,日本放送協会／編,日本放送出版協会,195611,699.21,×
178,図書(和書),NHK年鑑　'68　　　,,日本放送協会総合放送文化研究所放送史編修室／編集,日本放送出版協会,196800,699.21,×
179,図書(和書),NHK年鑑　'69　　　,,日本放送協会／編,日本放送出版協会,196900,699.21,×
180,図書(和書),NHKの内幕　　　　三一新書 1065,三一新書 1065,石井 清司／著,三一書房,199309,699.21,○
181,図書(和書),NHKの正体　　　　OAK MOOK 293 撃論ムック,OAK MOOK 293 撃論ムック,西村 幸祐／責任編集,オークラ出版,200907,699.21,○
182,図書(和書),NHK独り勝ちの功罪　　　　ベスト新書 359,ベスト新書 359,小田桐 誠／著,ベストセラーズ,201201,699.21,×
183,図書(和書),NHK亡国論　　　　,,西村 幸祐／著,ベストセラーズ,201410,699.21,○
184,図書(和書),NHK民営化論　　　　B&Tブックス,B&Tブックス,粟津 孝幸／著,日刊工業新聞社,200010,699.21,○
185,図書(和書),NHK問題　　　　ちくま新書 635,ちくま新書 635,武田 徹／著,筑摩書房,200612,699.21,○
186,図書(和書),NHK歴史番組を斬る!　　　　歴史新書y 027,歴史新書y 027,鈴木 眞哉／著,洋泉社,201205,699.63,○
187,図書(和書),NHKはなぜ金持ちなのか?　　　　双葉新書 086,双葉新書 086,小田桐 誠／著,双葉社,201404,699.21,○
188,図書(和書),NHKはなぜ、反知性主義に乗っ取られたのか　　　　,,上村 達男／著,東洋経済新報社,201510,699.21,○
189,図書(和書),NHKvs日本政治　　　　,,エリス・クラウス／著,東洋経済新報社,200611,699.21,○
190,図書(和書),FENを一週間で聴きこなす方法　　　　ムックの本,ムックの本,窪田 ひろ子／著,ロングセラーズ,198405,699.69,○
191,図書(和書),FM雑誌と僕らの80年代　　　　,,恩藏 茂／著,河出書房新社,200909,699.66,○
192,図書(和書),黄金のテレビデイズ2004-2017　　　　,,亀和田 武／著,いそっぷ社,201802,699.67,○
193,図書(和書),欧州メディアの興亡　　　　,,宇田川 悟／著,リベルタ出版,199807,699.23,○
194,図書(和書),大橋未歩のミホちゃんねる!　　　　,,大橋 未歩／著,集英社,200605,699.39,○
195,図書(和書),オカルト番組はなぜ消えたのか　　　　,,高橋 直子／著,青弓社,201901,699.67,○
196,図書(和書),送り手のメディアリテラシー　　　　,,黒田 勇／編,世界思想社,200509,699.04,○
197,図書(和書),怒る企画術!　　　　ベスト新書 265,ベスト新書 265,吉田 正樹／著,ベストセラーズ,201001,699.67,○
198,図書(和書),おしゃれ　1　　　,,,日本テレビ,197903,699.6,○
199,図書(和書),おテレビ様と日本人　　　　,,林 秀彦／著,成甲書房,200901,699.04,○
200,図書(和書),男よりテレビ、女よりテレビ　　　　,,小倉 千加子／著,朝日新聞出版,200809,699.6,○
201,図書(和書),乙武レポート　　　　,,乙武 洋匡／著,講談社,200005,699.64,○
202,図書(和書),驚こう 学ぼう 楽しもう　　　　,,木村 太郎／著,講談社,198312,699.64,○
203,図書(和書),おはようパーソナリティ道上洋三のないしょ話　　　　朝日文庫 ど11-1,朝日文庫 ど11-1,道上 洋三／著,朝日新聞出版,201405,699.67,○
204,図書(和書),思い出テレビ60年　　　　ステラMOOK,ステラMOOK,NHKサービスセンター／編集,NHKサービスセンター,201301,699.6,○
205,図書(和書),想い出の紅白歌合戦　　　　,,牧山 泰之／[著],鹿砦社,199612,699.66,○
206,図書(和書),親父熱愛(オヤジ・パッション)　Part2　　　講談社文庫,講談社文庫,伊東 四朗／[著],講談社,200301,699.67,○
207,図書(和書),オレたちのプロ野球ニュース　　　　TOKYO NEWS BOOKS,TOKYO NEWS BOOKS,長谷川 晶一／著,東京ニュース通信社,201703,699.65,○
208,図書(和書),折れる力　　　　SB新書 372,SB新書 372,吉田 照幸／著,SBクリエイティブ,201612,699.67,○
209,図書(和書),海外ライヴの贈り物　　　　FM選書,FM選書,成沢 玲子／著,共同通信社,198012,699.66,○
210,図書(和書),かくして革命は国境を越えた　　　　,,NHK取材班／著,日本放送出版協会,199006,699,○
211,図書(和書),拡張するテレビ　　　　実践と応用シリーズ,実践と応用シリーズ,境 治／著,宣伝会議,201608,699.21,○
212,図書(和書),仮説の検証　　　　,,小出 五郎／著,講談社,200709,699.64,○
213,図書(和書),家族とテレビ　　　　,,NHK放送世論調査所／編,日本放送出版協会,198110,699,○
214,図書(和書),カリスマはいらない。　　　　,,和田 勉／著,日経BP社,200604,699.7,○
215,図書(和書),韓国で日本のテレビ番組はどう見られているのか　　　　,,大場 吾郎／著,人文書院,201204,699.221,○
216,図書(和書),関東人間模様　　　　,,テレポートTBS6／編,ぶっくまん,197800,699.6,○
217,図書(和書),外国テレビフィルム盛衰史　　　　,,乾 直明／著,晶文社,199011,699.2,○
218,図書(児童),がんばる!ニュースキャスター　　　　どんぐりブックス 26,どんぐりブックス 26,小田桐 誠／著,ポプラ社,199103,699.39,○
219,図書(和書),危機報道　　　　,,宮田 修／著,関西書院,199509,699.64,○
220,図書(和書),聞く笑う、ツナグ。　　　　小学館文庫 た27-1,小学館文庫 た27-1,高島 彩／著,小学館,201312,699.39,○
221,図書(和書),聞く笑う、ツナグ。　　　　,,高島 彩／著,小学館,201112,699.39,○
222,図書(和書),菊地成孔の粋な夜電波　シーズン9-12　安定期と母の死そして女子力篇　　,,菊地 成孔／著,キノブックス,201903,699.66,○
223,図書(和書),菊地成孔の粋な夜電波　シーズン6-8　前口上とコントの爛熟期篇　　,,菊地 成孔／著,キノブックス,201811,699.66,○
224,図書(和書),菊地成孔の粋な夜電波　シーズン1-5　大震災と歌舞伎町篇　　,,菊地 成孔／著,キノブックス,201710,699.66,○
225,図書(和書),紀元2600年のテレビドラマ　　　　,,森田 創／著,講談社,201607,699.21,○
226,図書(和書),「兆し」をとらえる　　　　角川新書 K-104,角川新書 K-104,野口 雄史／[著],KADOKAWA,201610,699.64,○
227,図書(和書),キミにもできるコミュニティFM　　　　電波の世界で遊んでみようseries,電波の世界で遊んでみようseries,ヒルズ水島／著,CQ出版,200709,699,○
228,図書(和書),君は玉音放送を聞いたか　　　　,,秋山 久／著,旬報社,201808,699.21,○
229,図書(和書),キャスターという仕事　　　　岩波新書 新赤版 1636,岩波新書 新赤版 1636,国谷 裕子／著,岩波書店,201701,699.39,○
230,図書(和書),「きょうの料理」のヒミツ　　　　,,後藤 繁榮／著,平凡社,200603,699.63,○
231,図書(和書),局アナ安住紳一郎　　　　,,安住 紳一郎／著,小学館,200604,699.39,○
232,図書(和書),巨大メディアの攻防　　　　,,K・オーレッタ／[著],新潮社,199304,699.253,○
233,図書(和書),きんさんぎんさんに母を見た　　　　,,村上 允俊／著,すばる書房新社,199206,699.04,○
234,図書(和書),玉音放送　　　　,,竹山 昭子／著,晩声社,198903,699.21,○
235,図書(和書),クイズ100人に聞きました　第8集　　　,,TBSテレビ／編,朝日ソノラマ,198302,699.67,○
236,図書(和書),クイズ100人に聞きました　'90年版　　　,,TBSテレビ／編,朝日ソノラマ,198912,699.67,○
237,図書(和書),クイズ文化の社会学　　　　Sekaishiso seminar,Sekaishiso seminar,石田 佐恵子／編,世界思想社,200303,699.67,○
238,図書(和書),クイズ化するテレビ　　　　青弓社ライブラリー 83,青弓社ライブラリー 83,黄 菊英／著,青弓社,201407,699.67,○
239,図書(和書),宮藤官九郎最強説　　　　,,宮藤 官九郎／著,宝島社,201603,699.67,○
240,図書(和書),久米宏です。　　　　,,久米 宏／著,世界文化クリエイティブ,201709,699.39,○
241,図書(和書),結論は出さなくていい　　　　光文社新書 918,光文社新書 918,丸山 俊一／著,光文社,201712,699.63,○
242,図書(和書),権力としてのNHK　　　　,,新藤 謙／著,三一書房,198104,699.21,○
243,図書(和書),ケーブルテレビは根っこワークビジネス　　　　cba books,cba books,伊沢 偉行／著,クリエイティブビジネスエージェンシー,200112,699.7,○
244,図書(和書),現代アラブ・メディア　　　　,,千葉 悠志／著,ナカニシヤ出版,201412,699.227,○
245,図書(和書),現代テレビ放送文化論　　　　,,渡辺 みどり／著,早稲田大学出版部,199711,699,○
246,図書(和書),現代の放送　1　TVの現場　　マスコミシリーズ 9,マスコミシリーズ 9,石井 清司／著,理想出版社,198000,699,○
247,図書(和書),原発の是非を問うことと、わたしたちがやるべきこと　　　　わが子からはじまるクレヨンハウス・ブックレット 013,わが子からはじまるクレヨンハウス・ブックレット 013,堀 潤／著,クレヨンハウス,201311,699.21,○
248,図書(和書),公共放送BBCの研究　　　　,,原 麻里子／編著,ミネルヴァ書房,201103,699.067,○
249,図書(和書),こうしてテレビは始まった　　　　,,有馬 哲夫／著,ミネルヴァ書房,201312,699.21,○
250,図書(和書),紅白歌合戦と日本人　　　　筑摩選書 0078,筑摩選書 0078,太田 省一／著,筑摩書房,201311,699.66,○
251,図書(和書),紅白歌合戦の舞台裏　　　　,,合田 道人／著,全音楽譜出版社,201212,699.66,○
252,図書(和書),「声」とメディアの社会学　　　　,,北出 真紀恵／著,晃洋書房,201903,699.39,○
253,図書(和書),「声」の有線メディア史　　　　,,坂田 謙司／著,世界思想社,200503,699.21,○
254,図書(和書),国際放送の80年　　　　,,NHK国際放送局／編集,NHK国際放送局,201504,699.69,○
255,図書(和書),国際化時代の世界のテレビ　　　　丸善ブックス 011,丸善ブックス 011,志賀 信夫／著,丸善,199410,699.2,○
256,図書(和書),小島慶子キラ★キラ　　　　,,TBSラジオ／編,アスペクト,201106,699.67,○
257,図書(和書),こちらラジオ・ジャパン　　　　,,NHK国際局／編,日本放送出版協会,198502,699.69,○
258,図書(和書),こちらロンドンBBC　　　　BBCライオン・シリーズ 4,BBCライオン・シリーズ 4,大蔵 雄之助／著,サイマル出版会,198306,699.69,○
259,図書(和書),ことたま　　　　,,馬場 典子／著,実業之日本社,201411,699.39,○
260,図書(和書),言葉に魂(おもい)をこめて　　　　,,三宅 正治／著,ワニブックス,200909,699.39,○
261,図書(和書),言葉のチカラ　　　　,,三宅 民夫／著,NHK出版,201301,699.39,○
262,図書(児童),言葉はライブだ!　　　　イワサキ・ノンフィクション 14,イワサキ・ノンフィクション 14,内多 勝康／著,岩崎書店,200909,699.39,○
263,図書(和書),子どものテレビを侵すもの　　　　,,ウィリアム・メロディ／著,聖文舎,197600,699,○
264,図書(和書),子どもの中のテレビ　　　　,,小島 明／[ほか]共著,国土社,198304,699,○
265,図書(和書),子どもはぜんぜん、悪くない。　　　　,,佐藤 弘道／著,講談社,200504,699.68,○
266,図書(和書),小西美穂の七転び八起き　　　　,,小西 美穂／著,日経BP社,201809,699.39,○
267,図書(和書),コミュニティFM進化論　　　　,,紺野 望／著,ショパン,201004,699,○
268,図書(和書),コミュニティFMの可能性　　　　,,北郷 裕美／著,青弓社,201501,699,×
269,図書(和書),コミュニティ・メディア　　　　,,金山 智子／編著,慶應義塾大学出版会,200703,699,○
270,図書(和書),これでも公共放送かNHK!　　　　,,小山 和伸／著,展転社,201403,699.21,○
271,図書(和書),こんなテレビに誰がした　　　　,,テレビについて話す会／編,毎日新聞社,199607,699.04,○
272,図書(和書),今野勉のテレビズム宣言　　　　,,今野 勉／著,フィルムアート社,197600,699,○
273,図書(和書),今夜も、ばれ飯　　　　,,堀川 とんこう／著,平凡社,199511,699.67,○
274,図書(和書),5人目の旅人たち　　　　,,広田 すみれ／著,慶應義塾大学出版会,201910,699.67,×
275,図書(和書),最新放送業界の動向とカラクリがよくわかる本　　　　図解入門業界研究 How‐nual,図解入門業界研究 How‐nual,中野 明／著,秀和システム,201709,699.21,○
276,図書(和書),最新放送業界の動向とカラクリがよくわかる本　　　　How‐nual図解入門 業界研究,How‐nual図解入門 業界研究,中野 明／著,秀和システム,201306,699.21,○
277,図書(和書),さだまさしのセイヤング　　　　,,さだ まさし／編著,自由書館,198307,699.67,○
278,図書(和書),サラリーマンが三足のワラジをはくとき　　　　,,山田 智彦／著,潮出版社,198412,699.3,○
279,図書(児童),産業とくらしを変える情報化　1　情報を伝える「放送」　　,,堀田 龍也／監修,学研教育出版,201202,7.3,○
280,図書(和書),三枝の爆笑美女対談　　　　,,桂 三枝／[著],講談社,198104,699.67,○
281,図書(和書),三枝の爆笑美女対談　Part3　　　,,桂 三枝／[著],講談社,198206,699.67,○
282,図書(和書),35年目のリクエスト　　　　,,亀渕 昭信／著,白泉社,200611,699.67,○
283,図書(和書),三十七年目のクラス会　　　　,,武井 照子／著,主婦の友社,198112,699.39,○
284,図書(和書),ザ・アンカー ピーター・ジェニングス　　　　,,NHK制作班／著,平凡社,200607,699.64,○
285,図書(和書),ザ・テレビ欄　　　　,,テレビ欄研究会／編・著,TOブックス,200903,699.6,○
286,図書(和書),ザ・テレビ欄　80年代のアイドル・歌謡曲編　　　,,テレビ欄研究会／編著,TOブックス,201308,699.6,×
287,図書(和書),ザ・テレビ欄　2　1991-2005　　,,テレビ欄研究会／編・著,TOブックス,200906,699.6,○
288,図書(和書),ザ・テレビ欄　大阪版1964-1973　　　,,テレビ欄研究会／編・著,TOブックス,200911,699.6,×
289,図書(和書),ザ・テレビ欄　0　1954-1974　　,,テレビ欄研究会／編・著,TOブックス,200908,699.6,○
290,図書(和書),ザ・ベストテン　　　　新潮文庫 や-68-1,新潮文庫 や-68-1,山田 修爾／著,新潮社,201201,699.66,○
291,図書(和書),ザ・ベストテンの作り方　　　　,,三原 康博／著,双葉社,201212,699.66,○
292,図書(和書),仕事論　　　　,,藤村 忠寿／著,総合法令出版,201902,699.67,×
293,図書(児童),静岡放送テレビ番組制作の舞台裏　　　　このプロジェクトを追え!,このプロジェクトを追え!,深光 富士男／文,佼成出版社,201410,699.067,○
294,図書(和書),私説放送史　　　　,,大山 勝美／著,講談社,200701,699.21,○
295,図書(和書),七面鳥を追いかけて　　　　,,島津 有理子／著,TAC株式会社出版事業部,201003,699.39,○
296,図書(和書),視聴者が動いた 巨大NHKがなくなる　　　　,,田原 茂行／著,草思社,200509,699.21,○
297,図書(和書),視聴率競争　　　　岩波ブックレット No.407,岩波ブックレット No.407,ばば こういち／[著],岩波書店,199607,699.6,○
298,図書(和書),「視聴率」50の物語　　　　,,ビデオリサーチ／編,小学館,201309,699.6,○
299,図書(和書),視聴率15%を保証します!　　　　小学館新書 217,小学館新書 217,高橋 浩／著,小学館,201410,699.67,○
300,図書(和書),視聴率ゼロ!　　　　,,大川 貴史／著,新潮社,201610,699.64,○
301,図書(和書),視聴率200%男　　　　光文社新書 012,光文社新書 012,安達 元一／著,光文社,200111,699.6,○
302,図書(和書),視聴率の怪物王東順の企画の王道　　　　,,王 東順／著,カンゼン,200212,699.6,○
303,図書(和書),「視聴率の怪物」プロデューサーの現場発想力　　　　講談社+α文庫 G153-1,講談社+α文庫 G153-1,王 東順／[著],講談社,200706,699.6,○
304,図書(和書),視聴率の謎にせまる　　　　ニュートンプレス選書 011,ニュートンプレス選書 011,藤平 芳紀／著,ニュートンプレス,199906,699.6,○
305,図書(和書),しなくていいがまん　　　　,,小林 麻耶／著,サンマーク出版,201811,699.39,×
306,図書(和書),シマゲジ風雲録　　　　,,島 桂次／著,文芸春秋,199502,699.21,○
307,図書(和書),社会と放送　　　　,,酒井 昭／著,たいまつ社,198206,699,○
308,図書(児童),社会の今を見つめて　　　　岩波ジュニア新書 725,岩波ジュニア新書 725,大脇 三千代／著,岩波書店,201210,699.64,○
309,図書(和書),シャボン玉ホリデー　　　　,,五歩一 勇／著,日本テレビ放送網,199502,699.67,○
310,図書(和書),就活でどうしても会いたいテレビ人24人へのOB・OG訪本　　　　マスナビBOOKS,マスナビBOOKS,未来のテレビを考える会／編著,宣伝会議,201512,699.3,○
311,図書(和書),取材ディレクターが語る18のアザーストーリーズ　　　　,,テレビ東京／著,辰巳出版,201505,699.67,○
312,図書(和書),主役・脇役・湧かせ役　　　　,,川口 幹夫／著,講談社,198704,699.6,○
313,図書(和書),笑点　　　　,,,日本テレビ放送網,200601,699.67,○
314,図書(和書),笑点五〇年史　　　　ぴあMOOK,ぴあMOOK,,ぴあ,201609,699.67,○
315,図書(和書),笑点諸国お笑い漫遊記　　　　,,笑点探偵団／著,河出書房新社,200312,699.67,○
316,図書(和書),笑点に学ぶ最強チームの作り方　　　　,,森川 ぐりん／著,ぱる出版,201311,699.67,○
317,図書(和書),笑点の謎　　　　,,笑点探偵団／著,河出書房新社,200102,699.67,○
318,図書(和書),昭和テレビ風雲録　　　　,,秋場 たけお／著,扶桑社,200710,699.21,○
319,図書(和書),昭和テレビ放送史　上　　　,,志賀 信夫／著,早川書房,199007,699.21,○
320,図書(和書),昭和テレビ放送史　下　　　,,志賀 信夫／著,早川書房,199007,699.21,○
321,図書(和書),昭和ドラマ史　　　　,,こうたき てつや／著,映人社,201902,699.67,○
322,図書(和書),昭和のテレビと昭和のあなた　　　　,,奥山 侊伸／著,海豹舎,201711,699.21,○
323,図書(和書),昭和のテレビ王　　　　小学館文庫 さ28-1,小学館文庫 さ28-1,サライ編集部／編,小学館,201703,699.04,○
324,図書(和書),昭和のテレビ欄　　　　,,テレビ欄研究会／編著,TOブックス,201212,699.6,○
325,図書(和書),昭和バラエティ番組の時代　　　　,,田村 隆／著,河出書房新社,201802,699.67,○
326,図書(児童),職場体験完全ガイド　25　テレビアナウンサー・脚本家・報道カメラマン・雑誌編集者　　,,,ポプラ社,201103,366.29,○
327,図書(児童),「職場体験学習」にすぐ役立つ本　14　マスコミの職場　　,,森 茂／監修,学研,200303,366.29,○
328,図書(和書),知られざる王国NHK　　　　講談社文庫,講談社文庫,大下 英治／[著],講談社,199505,699.21,○
329,図書(和書),知られざる王国NHK　　　　,,大下 英治／著,講談社,199108,699.21,○
330,図書(和書),資料・占領下の放送立法　　　　,,放送法制立法過程研究会／編,東京大学出版会,198002,699.1,○
331,図書(和書),素人力　　　　光文社新書 941,光文社新書 941,長坂 信人／著,光文社,201804,699.67,○
332,図書(和書),新現場からみた放送学　　　　,,松岡 新児／編著,学文社,200404,699,○
333,図書(和書),新・新テレビ事情　　　　,,倉本 聡／著,文芸春秋,198307,699,○
334,図書(和書),新日本紀行　　　　,,菅野　栄／編集,日本放送協会,200703,699.64,○
335,図書(和書),進化する皿たち　　　　,,結城 摂子／著,集英社,199912,699.67,○
336,図書(和書),新企画　　　　,,鈴木 おさむ／著,幻冬舎,201603,699.67,○
337,図書(和書),真相　　　　,,グレッグ・ダイク／著,日本放送出版協会,200606,699.8,○
338,図書(和書),深夜のラジオっ子　　　　,,村上 謙三久／著,筑摩書房,201803,699.67,○
339,図書(和書),森羅映像　　　　,,吉田 直哉／著,文芸春秋,199412,699.04,○
340,図書(和書),CNN世界を変えたニュースネットワーク　　　　,,ドン・M.フラノイ／著,NTT出版,200103,699.067,○
341,図書(和書),CNNの戦場　　　　,,ロバート・ウィーナー／著,文芸春秋,199203,699.64,○
342,図書(和書),CBS　　　　,,ロバート・メッツ／著,サイマル出版会,198108,699.067,○
343,図書(和書),J:COM創業記　　　　,,西村 泰重／著,KADOKAWA,201408,699.7,○
344,図書(和書),ジェーン・スー相談は踊る　　　　,,TBSラジオ「ジェーン・スー相談は踊る」／編,ポプラ社,201503,699.67,○
345,図書(和書),ジェーン・スー相談は踊る　　　　ポプラ文庫 し10-2,ポプラ文庫 し10-2,TBSラジオ「相談は踊る」／編,ポプラ社,201708,699.67,○
346,図書(和書),事件リポーター・阿部祐二の超ハードでも疲れない仕事術　　　　,,阿部 祐二／著,PHP研究所,201702,699.64,○
347,図書(和書),時代を読むノート　　　　講談社文庫,講談社文庫,田原 総一朗／[著],講談社,198612,699,○
348,図書(和書),準備せよ。　　　　Sports Graphic Number Books,Sports Graphic Number Books,田中 晃／[述],文藝春秋,201903,699.65,○
349,図書(和書),情熱の伝え方　　　　,,福岡 元啓／著,双葉社,201403,699.6,○
350,図書(和書),女子アナ以前　　　　,,小島 慶子／著,大和書房,201108,699.39,×
351,図書(和書),人生で大切なことは全部フジテレビで学んだ　　　　,,吉田 正樹／著,キネマ旬報社,201007,699.67,○
352,図書(和書),人生100年時代の受験と勉強　　　　,,上泉 雄一／著,西日本出版社,201806,699.67,×
353,図書(和書),人物による放送史　　　　,,志賀 信夫／著,源流社,197700,699.21,○
354,図書(和書),推理SFドラマの六〇年　　　　,,上野 友夫／著,六興出版,198602,699.67,○
355,図書(和書),推理SFドラマの六〇年　　　　,,川野 京輔／著,論創社,201905,699.67,○
356,図書(児童),好きな仕事発見完全ガイド　5　テレビ・芸能界が好き!　　,,鹿嶋 研之助／監修,学研,200304,366.29,○
357,図書(和書),スポーツアナウンサー　　　　岩波新書 新赤版 1570,岩波新書 新赤版 1570,山本 浩／著,岩波書店,201510,699.65,○
358,図書(和書),スポーツ実況の舞台裏　　　　フィギュール彩 54,フィギュール彩 54,四家 秀治／著,彩流社,201604,699.65,○
359,図書(和書),スポーツ放送権ビジネス最前線　　　　メディア総研ブックレット Number5,メディア総研ブックレット Number5,メディア総合研究所／編,花伝社,200105,699.65,○
360,図書(和書),図解でわかるコンテンツビジネス　　　　,,コンテンツビジネス研究会／編,日本能率協会マネジメントセンター,200211,699,○
361,図書(和書),<図解>わかる!デジタル放送　　　　,,西 正／著,ダイヤモンド社,200010,699,○
362,図書(和書),ずっとドラマを作ってきた　　　　,,堀川 とんこう／著,新潮社,199801,699.67,○
363,図書(和書),ズームアップ現代　　　　,,筑紫 哲也／著,学陽書房,198010,699.64,○
364,図書(和書),セイ!ヤング&オールナイトニッポン70年代深夜放送伝説　　　　,,文化放送／編,扶桑社,201101,699.67,○
365,図書(和書),世紀末、どくぜつテレビ　　　　,,麻生 千晶／著,新潮社,199807,699.04,○
366,図書(和書),政治介入されるテレビ　　　　青弓社ライブラリー 98,青弓社ライブラリー 98,村上 勝彦／著,青弓社,201908,699.8,×
367,図書(和書),青年の主張　　　　河出ブックス 100,河出ブックス 100,佐藤 卓己／著,河出書房新社,201701,699.68,○
368,図書(和書),世界の果てまでイッテQ!宮川大輔のワッショイお祭り紀行　　　　,,宮川 大輔／著,幻冬舎,201508,699.67,○
369,図書(和書),世界は言葉でできている　　　　,,「世界は言葉でできているBook Edition」制作委員会／編,日本実業出版社,201211,699.67,○
370,図書(和書),セサミストリート百科　　　　,,小島 明／著,教育史料出版会,199405,699.68,○
371,図書(和書),NEW 攻めてるテレ東、愛されるテレ東　　　　,,太田 省一／著,東京大学出版会,201910,699.067,×
372,図書(和書),1974年のサマークリスマス　　　　,,柳澤 健／著,集英社,201605,699.67,○
373,図書(和書),1989年のテレビっ子　　　　,,戸部田 誠／著,双葉社,201602,699.67,○
374,図書(和書),選挙報道　　　　中公新書ラクレ 322,中公新書ラクレ 322,小栗 泉／著,中央公論新社,200906,699.8,○
375,図書(和書),戦後ヒーローの肖像　　　　,,佐々木 守／著,岩波書店,200309,699.67,○
376,図書(和書),戦後マスコミ回遊記　上巻　　　中公文庫,中公文庫,柴田 秀利／著,中央公論社,199507,699.21,○
377,図書(和書),戦後マスコミ回遊記　下巻　　　中公文庫,中公文庫,柴田 秀利／著,中央公論社,199507,699.21,○
378,図書(和書),戦時下の新聞・放送　　　　シリーズ昭和裏面史 3,シリーズ昭和裏面史 3,宮本 吉夫／著,エフエム東京,198410,070.21/699.21,○
379,図書(和書),戦場からリビングルームへ　　　　アメリカ・コラムニスト全集 14,アメリカ・コラムニスト全集 14,マイケル・アーレン／著,東京書籍,199311,699.04,○
380,図書(和書),戦場特派員　　　　,,原 憲一／著,蒼洋社,199503,699.64,○
381,図書(和書),戦争とテレビ　　　　,,ブルース・カミングス／[著],みすず書房,200405,699.64,○
382,図書(和書),戦争と放送　　　　,,竹山 昭子／著,社会思想社,199403,699.21,○
383,図書(和書),戦争と放送　　　　読みなおす日本史,読みなおす日本史,竹山 昭子／著,吉川弘文館,201801,699.21,○
384,図書(和書),絶望のテレビ報道　　　　PHP新書 935,PHP新書 935,安倍 宏行／著,PHP研究所,201407,699.64,○
385,図書(和書),全記録テレビ視聴率50年戦争　　　　,,引田 惣弥／著,講談社,200404,699.6,○
386,図書(和書),全部やれ。　　　　,,戸部田 誠／著,文藝春秋,201805,699.6,×
387,図書(和書),五月女ケイ子の乙女のテレビ時間　　　　,,五月女 ケイ子／著,メディアファクトリー,200904,699.6,○
388,図書(和書),その気持ちを伝えるために　　　　,,八木 亜希子／著,文藝春秋,201312,699.39,○
389,図書(和書),それでもテレビは終わらない　　　　岩波ブックレット No.797,岩波ブックレット No.797,今野 勉／著,岩波書店,201011,699.04,○
390,図書(和書),大衆文化としてのテレビ　　　　,,川上 宏／編,ダイヤモンド社,197908,699,○
391,図書(和書),大衆とともに２５年　　　　,,日本テレビ／編,日本テレビ放送網,197808,699.067,○
392,図書(和書),タイタニックから戦艦大和へ　　　　,,江野 夏平／著,工作舎,200008,699.64,○
393,図書(和書),たかがテレビされどテレビ　　　　,,永 六輔／著,倫書房,199711,699.04,○
394,図書(和書),高嶋ひでたけの読むラジオ　　　　,,高嶋 秀武／著,小学館,201706,699.39,○
395,図書(和書),たくらむ技術　　　　新潮新書 501,新潮新書 501,加地 倫三／著,新潮社,201212,699.67,○
396,図書(和書),たけし、さんま、所の「すごい」仕事現場　　　　小学館新書 297,小学館新書 297,吉川 圭三／著,小学館,201704,699.67,○
397,図書(和書),タケダアワーの時代　　　　映画秘宝セレクション,映画秘宝セレクション,友井 健人／[ほか]著,洋泉社,201709,699.67,○
398,図書(和書),闘うドキュメンタリー　　　　,,川良 浩和／著,日本放送出版協会,200901,699.64,○
399,図書(和書),ただいま放送中　　　　On books,On books,大塚 修造／著,音楽之友社,199104,699.66,○
400,図書(和書),多チャンネル放送時代　　　　,,佐々木 一朗／著,ダイヤモンド社,199706,699.21,○
401,図書(和書),多チャンネル放送の衝撃　　　　,,西 正／著,中央経済社,199709,699.21,○
402,図書(和書),他人のふんどし　　　　,,山川 静夫／著,講談社,197600,699.04,○
403,図書(和書),玉置宏の昔の話で、ございます　　　　,,玉置 宏／[著],小学館,200412,699.66,○
404,図書(和書),第3の家族　　　　,,阿久 悠／著,KSS出版,199812,699.04,○
405,図書(和書),大統領の疑惑　　　　,,メアリー・メイプス／著,キノブックス,201607,699.8,○
406,図書(和書),「ダイヤモンドサッカー」の時代　　　　,,岡野 俊一郎／[ほか著],エクスナレッジ,200802,699.65,○
407,図書(和書),だからテレビに嫌われる　　　　,,堀江 貴文／著,大和書房,201109,699.04,○
408,図書(和書),DASH村開拓記　　　　東京ニュースMOOK TVガイド,東京ニュースMOOK TVガイド,,東京ニュース通信社,200208,699.67,○
409,図書(和書),誰がテレビを殺すのか　　　　角川新書 K-210,角川新書 K-210,夏野 剛／[著],KADOKAWA,201805,699.8,○
410,図書(和書),誰がテレビをつまらなくしたのか　　　　PHP新書 365,PHP新書 365,立元 幸治／著,PHP研究所,200509,699.6,○
411,図書(和書),誰も教えてくれない地デジTVの裏側　　　　じっぴコンパクト,じっぴコンパクト,保岡 裕之／著,実業之日本社,200809,699.21,○
412,図書(和書),チコっと冒険First　　　　,,CHICO／著,徳間書店,201812,699.67,×
413,図書(和書),チコちゃんに叱られる　2　　　,,NHK「チコちゃんに叱られる!」制作班／編,小学館,201907,699.67,○
414,図書(和書),チコちゃんに叱られる　[1]　　　,,NHK「チコちゃんに叱られる!」制作班／編,小学館,201903,699.67,×
415,図書(和書),地方テレビ局は生き残れるか　　　　,,鈴木 健二／著,日本評論社,200403,699.21,○
416,図書(和書),「地方の時代」映像祭　　　　,,後藤 和彦／編,日本評論社,198100,699.8,○
417,図書(和書),中国メディアの現場は何を伝えようとしているか　　　　,,柴 静／著,平凡社,201404,699.222,○
418,図書(和書),超能力番組を10倍楽しむ本　　　　,,山本 弘／著,楽工社,200703,699.67,○
419,図書(和書),直球手帳　　　　,,宮村 優子／[ほか]著,主婦の友社,200009,699.67,×
420,図書(和書),通信戦争　　　　,,大蔵 雄之助／著,講談社,198505,699,○
421,図書(和書),TBS50年史　資料編　　　,,東京放送／編集,東京放送,200201,699.067,○
422,図書(和書),TBS50年史　　　　,,東京放送／編集,東京放送,200201,699.067,○
423,図書(和書),TBSザ・検証　　　　,,神山冴と検証特別取材班／著,鹿砦社,199606,699.067,○
424,図書(和書),TBS事件とジャーナリズム　　　　岩波ブックレット No.406,岩波ブックレット No.406,黒田 清／[著],岩波書店,199607,699.64,○
425,図書(和書),TBS飛び出せ!科学くん　　　　,,,宝島社,201103,699.67,○
426,図書(和書),TBSの悲劇はなぜ起こったか　　　　,,田原 茂行／著,草思社,199610,699.067,○
427,図書(和書),定年ラジオ　　　　,,上柳 昌彦／著,三才ブックス,201809,699.39,○
428,図書(和書),徹底検証テレビ報道「噓」のからくり　　　　,,小川 榮太郎／著,青林堂,201711,699.64,○
429,図書(和書),「徹子の部屋」の30年　　　　,,「徹子の部屋」制作委員会／編,講談社,200711,699.67,○
430,図書(和書),「徹子の部屋」の花しごと　　　　,,石橋 恵三子／著,産業編集センター,201806,699.67,○
431,図書(和書),『徹子の部屋』40周年Anniversary Book　　　　ぴあMOOK,ぴあMOOK,,ぴあ,201502,699.67,○
432,図書(和書),テリー伊藤のテレビ馬鹿一代　　　　,,テリー伊藤／著,毎日新聞社,201102,699.04,○
433,図書(和書),テレ東のつくり方　　　　日経プレミアシリーズ 376,日経プレミアシリーズ 376,大久保 直和／著,日本経済新聞出版社,201806,699.64,○
434,図書(和書),テレ東的、一点突破の発想術　　　　ワニブックス|PLUS|新書 133,ワニブックス|PLUS|新書 133,濱谷 晃一／著,ワニブックス,201502,699.6,○
435,図書(和書),テレ東流ハンデを武器にする極意　　　　,,伊藤 成人／著,岩波書店,201703,699.067,○
436,図書(和書),テレビ・エイティ　　　　Kioi human books,Kioi human books,志賀 信夫／著,紀尾井書房,198011,699,○
437,図書(和書),テレビを消せ!　　　　,,コ ジェハク／著,ポプラ社,200606,699.8,○
438,図書(和書),テレビを子どもの味方に　　　　,,北川 隆吉／著,現代史出版会,197901,699,○
439,図書(和書),テレビを創った人びと　　　　大手町ブックスの本 マスコミブックス,大手町ブックスの本 マスコミブックス,志賀 信夫／著,日本工業新聞社,197903,699,○
440,図書(和書),テレビを創る101人　　　　,,佐藤 精／著,評言社,198107,699,○
441,図書(和書),テレビを<読む>　　　　,,ジョン・フィスク／著,未来社,199109,699.8,○
442,図書(和書),テレビ汚染とアメリカの子どもたち　　　　,,デイヴィッド・ウォルシュ／著,八潮出版社,199802,699.8,○
443,図書(和書),TV大人の視聴　　　　,,吉田 潮／著,講談社,201411,699.6,○
444,図書(和書),TV大人のみかた　　　　TV Station book,TV Station book,小池 正春／著,ダイヤモンド社,199809,699.04,○
445,図書(和書),テレビ快男児　　　　小学館文庫 ふ19-1,小学館文庫 ふ19-1,藤田 潔／著,小学館,201211,699.21,○
446,図書(和書),「テレビ鑑賞家」宣言　　　　,,モリッシィ／著,情報センター出版局,200811,699.6,○
447,図書(和書),テレビが映しだす「外国」と日本の国際化　　　　FCTテレビ診断報告 No.11,FCTテレビ診断報告 No.11,,FCT,199100,699,○
448,図書(和書),テレビが政治をダメにした　　　　双葉新書 059,双葉新書 059,鈴木 寛／著,双葉社,201304,699.8,○
449,図書(和書),テレビが夢を見る日　　　　,,碓井 広義／著,集英社,199804,699.04,○
450,図書(和書),テレビ救急箱　　　　中公新書ラクレ 274,中公新書ラクレ 274,小田嶋 隆／著,中央公論新社,200804,699.6,○
451,図書(和書),テレビ業界で働く　　　　なるにはBOOKS 補巻6,なるにはBOOKS 補巻6,小張 アキコ／著,ぺりかん社,200608,699.3,○
452,図書(和書),テレビ芸能職人　　　　,,香取 俊介／著,朝日出版社,200012,699.3,×
453,図書(和書),テレビ国際報道　　　　岩波新書 新赤版 206,岩波新書 新赤版 206,渡辺 光一／著,岩波書店,199201,699.64,○
454,図書(和書),テレビコメンテーター　　　　中公新書ラクレ 443,中公新書ラクレ 443,中野 雅至／著,中央公論新社,201301,699.64,○
455,図書(和書),テレビ最終戦争　　　　朝日新書 676,朝日新書 676,大原 通郎／著,朝日新聞出版,201807,699.3,○
456,図書(和書),テレビ作家たちの50年　　　　,,日本放送作家協会／編,日本放送出版協会,200908,699.6,○
457,図書(和書),テレビ仕掛人たちの興亡　　　　,,田原 総一朗／著,講談社,199003,699.04,○
458,図書(和書),テレビ視聴の構造　　　　りぶらりあ選書,りぶらりあ選書,P.バーワイズ／著,法政大学出版局,199105,699,○
459,図書(和書),テレビ視聴の50年　　　　,,NHK放送文化研究所／編,日本放送出版協会,200311,699.21,○
460,図書(和書),テレビ視聴の30年　　　　,,NHK放送世論調査所／編,日本放送出版協会,198309,699.6,○
461,図書(和書),テレビ疾風怒濤　　　　,,辻 真先／著,徳間書店,199511,699.04,○
462,図書(和書),テレビ症候群　　　　,,ケイト・ムーディ／著,家の光協会,198206,699,○
463,図書(和書),テレビ進化論　　　　講談社現代新書 1938,講談社現代新書 1938,境 真良／著,講談社,200804,699.21,○
464,図書(和書),テレビ自叙伝　　　　,,和田 勉／著,岩波書店,200406,699.6,○
465,図書(和書),テレビ時代　　　　ポリロゴス叢書,ポリロゴス叢書,マーティン・エスリン／著,国文社,198605,699,○
466,図書(和書),テレビじゃ見れないクイズダービー　　　　,,TBSテレビ／編,河出映像センター,198806,699.67,○
467,図書(和書),テレビジャーナリズムの作法　　　　メディア総研ブックレット Number 4,メディア総研ブックレット Number 4,小泉 哲郎／著,花伝社,199812,699.64,○
468,図書(和書),テレビ・ジャーナリズムの世界　　　　NHKブックス 412,NHKブックス 412,NHK総合放送文化研究所／編,日本放送出版協会,198203,699,○
469,図書(和書),テレビスポーツ50年　　　　,,杉山 茂／著,角川インタラクティブ・メディア,200307,699.65,○
470,図書(和書),テレビスポーツデータ年鑑　2018　　　,,,ニホンモニター,201804,699.65,×
471,図書(和書),テレビ制作入門　　　　平凡社新書 053,平凡社新書 053,山登 義明／著,平凡社,200008,699.64,○
472,図書(和書),テレビ政治　　　　朝日選書 800,朝日選書 800,星 浩／著,朝日新聞社,200606,699.8,○
473,図書(和書),テレビ創世記　　　　,,白井 隆二／著,紀尾井書房,198302,699.21,○
474,図書(和書),テレビだョ!全員集合　　　　,,長谷 正人／編著,青弓社,200711,699.21,○
475,図書(和書),テレビ・誰のためのメディアか　　　　,,鈴木 みどり／著,学芸書林,199206,699,○
476,図書(和書),テレビ注文帖　　　　光文社文庫,光文社文庫,大橋 恭彦／著,光文社,198503,699,○
477,図書(和書),テレビってやつは　　　　,,酒井 順子／著,マガジンハウス,199102,699.04,○
478,図書(和書),てれび徒然草　　　　,,松尾 羊一／著,日本放送出版協会,198408,699.04,○
479,図書(児童),テレビでたどる子どもの文化　2　テレビドラマ　　,,片岡 輝／総監修,岩崎書店,200503,699.6,○
480,図書(児童),テレビでたどる子どもの文化　3　テレビCM<コマーシャル>　　,,片岡 輝／総監修,岩崎書店,200503,699.6,○
481,図書(児童),テレビでたどる子どもの文化　1　テレビアニメ　　,,片岡 輝／総監修,岩崎書店,200503,699.6,○
482,図書(和書),テレビで働く人間集団　　　　NHKブックス 434,NHKブックス 434,NHK総合放送文化研究所／編,日本放送出版協会,198303,699.3,○
483,図書(和書),TVディレクターの演出術　　　　ちくま新書 1040,ちくま新書 1040,高橋 弘樹／著,筑摩書房,201311,699.3,○
484,図書(和書),テレビと外国イメージ　　　　,,萩原 滋／編,勁草書房,200412,699.8,○
485,図書(和書),テレビと権力　　　　,,田原 総一朗／著,講談社,200604,699.64,○
486,図書(和書),テレビと政治　　　　,,横田 一／著,すずさわ書店,199608,699.64,○
487,図書(和書),テレビと日本人　　　　,,田中 義久／編,法政大学出版局,200509,699.8,○
488,図書(和書),テレビとの対話　　　　,,藤竹 暁／著,日本放送出版協会,197400,699,○
489,図書(児童),テレビとのつきあい方　　　　岩波ジュニア新書 266,岩波ジュニア新書 266,佐藤 二雄／著,岩波書店,199601,699,○
490,図書(和書),テレビ・ドキュメンタリーを創った人々　　　　,,NHK放送文化研究所／編,NHK出版,201612,699.21,○
491,図書(和書),TVドラマ“ギフト”の問題　　　　岩波ブックレット No.455,岩波ブックレット No.455,飯田 譲治／[著],岩波書店,199806,699.8,○
492,図書(和書),テレビドラマのメッセージ　　　　,,岩男 寿美子／著,勁草書房,200005,699.8,○
493,図書(和書),テレビにつける薬(ことば)　　　　,,清野 徹／著,扶桑社,199905,699.04,○
494,図書(和書),テレビに破壊される脳　　　　,,和田 秀樹／著,徳間書店,201205,699.8,○
495,図書(和書),テレビに夢中だった!　　　　双葉新書 088,双葉新書 088,睦月 影郎／著,双葉社,201405,699.6,○
496,図書(和書),テレビニュース　　　　,,平野 次郎／著,主婦の友社,198909,699.64,○
497,図書(和書),テレビニュース研究　　　　,,テレビ報道研究会／編,日本放送出版協会,198010,699.64,○
498,図書(和書),TVニュース七つの大罪　　　　,,ニール・ポストマン／著,クレスト社,199502,699.64,○
499,図書(和書),テレビニュースの社会学　　　　,,伊藤 守／編,世界思想社,200604,699.8,○
500,図書(和書),TVニュースのタブー　　　　光文社新書 677,光文社新書 677,田中 周紀／著,光文社,201401,699.64,○
501,図書(和書),テレビの明日　　　　岩波新書 新赤版 283,岩波新書 新赤版 283,岡村 黎明／著,岩波書店,199305,699.21,○
502,図書(和書),テレビの噓を見破る　　　　新潮新書 088,新潮新書 088,今野 勉／著,新潮社,200410,699.8,○
503,図書(和書),テレビの裏側がとにかく分かる「メディアリテラシー」の教科書　　　　,,長谷川 豊／著,サイゾー(発売),201405,699.8,○
504,図書(和書),テレビの黄金時代　　　　,,小林 信彦／編集,キネマ旬報社,198700,699.67,○
505,図書(和書),テレビの黄金時代　　　　,,小林 信彦／著,文芸春秋,200210,699.67,○
506,図書(和書),テレビのからくり　　　　文春新書 419,文春新書 419,小田桐 誠／著,文芸春秋,200412,699.6,○
507,図書(和書),テレビの教科書　　　　PHP新書 252,PHP新書 252,碓井 広義／著,PHP研究所,200306,699,○
508,図書(和書),テレビの憲法理論　　　　,,長谷部 恭男／著,弘文堂,199212,699.1,○
509,図書(和書),テレビの思想　　　　,,佐藤 忠男／著,千曲秀版社,197806,699,○
510,図書(和書),テレビの思想　　　　,,多田 晃／著,サイマル出版会,197200,699,○
511,図書(和書),テレビの社会史　　　　朝日選書 361,朝日選書 361,岡村 黎明／著,朝日新聞社,198809,699.2,○
512,図書(和書),テレビの時間　　　　,,大山 勝美／著,鳥影社,200707,699.67,○
513,図書(児童),テレビの自画像　　　　ちくまプリマーブックス 144,ちくまプリマーブックス 144,桜井 均／著,筑摩書房,200104,699.64,○
514,図書(和書),テレビの実像　　　　,,原 真／著,リベルタ出版,201503,699.21,○
515,図書(和書),テレビの青春　　　　,,今野 勉／著,NTT出版,200903,699.21,○
516,図書(和書),テレビの大罪　　　　新潮新書 378,新潮新書 378,和田 秀樹／著,新潮社,201008,699.8,○
517,図書(和書),テレビの伝説　　　　文春文庫 編3-19,文春文庫 編3-19,文藝春秋／編,文藝春秋,201312,699.6,○
518,図書(和書),テレビのなかの外国文化　　　　,,川竹 和夫／編著,日本放送出版協会,198310,699.6,○
519,図書(和書),テレビのなみだ　　　　,,鈴木 おさむ／著,朝日新聞出版,201003,699.6,○
520,図書(和書),テレビの21世紀　　　　岩波新書 新赤版 830,岩波新書 新赤版 830,岡村 黎明／著,岩波書店,200303,699.21,○
521,図書(和書),テレビの日本語　　　　岩波新書 新赤版 1378,岩波新書 新赤版 1378,加藤 昌男／著,岩波書店,201207,699.21,○
522,図書(児童),テレビのはなし　　　　ちしきの絵本 14,ちしきの絵本 14,渋谷 光三／著,ポプラ社,197800,699,○
523,図書(和書),テレビの秘密　　　　新潮新書 616,新潮新書 616,佐藤 智恵／著,新潮社,201504,699.6,○
524,図書(和書),テレビの貧格　　　　,,横澤 彪／著,東洋経済新報社,200806,699.6,○
525,図書(和書),テレビの夢から覚めるまで　　　　,,有馬 哲夫／著,国文社,199702,699.253,○
526,図書(和書),テレビの履歴書　　　　,,原 真／著,リベルタ出版,201303,699.21,○
527,図書(和書),テレビの理論　　　　放懇シリーズ 2,放懇シリーズ 2,藤竹 暁／著,岩崎放送出版社,196900,699,○
528,図書(和書),テレビの罠　　　　ちくま新書 588,ちくま新書 588,香山 リカ／著,筑摩書房,200603,699.8,○
529,図書(和書),TV博物誌　　　　,,荒俣 宏／著,小学館,199701,699.21,○
530,図書(和書),テレビバラエティ大笑辞典　　　　笑芸人叢書,笑芸人叢書,高田 文夫／編著,白夜書房,200312,699.67,○
531,図書(和書),テレビ番外地　　　　新潮新書 288,新潮新書 288,石光 勝／著,新潮社,200811,699.067,○
532,図書(和書),テレビ番組をつくる仕事　　　　知りたい!なりたい!職業ガイド,知りたい!なりたい!職業ガイド,,ほるぷ出版,200402,699.6,○
533,図書(和書),テレビ番組をつくる人　　　　,,インタラクティブ・プログラム・ガイド／編,PHPパブリッシング,201309,699.67,○
534,図書(和書),テレビ番組海外展開60年史　　　　,,大場 吾郎／著,人文書院,201706,699.21,○
535,図書(和書),テレビ番組事始　　　　,,志賀 信夫／著,日本放送出版協会,200802,699.6,○
536,図書(和書),テレビ番組の海外販売ガイドブック　　　　,,海外番組販売検討委員会／編,映像産業振興機構,201207,699.3,○
537,図書(和書),テレビ ヒット番組のひみつ　　　　,,志賀 信夫／著,日本放送出版協会,198408,699.6,○
538,図書(和書),テレビ表現の現場から　　　　叢書現代のテレビ 2 プロデューサー ディレクター篇・編成篇,叢書現代のテレビ 2 プロデューサー ディレクター篇・編成篇,大山 勝美／責任編集,二見書房,198102,699.6,○
539,図書(和書),テレビ標本箱　　　　中公新書ラクレ 231,中公新書ラクレ 231,小田嶋 隆／著,中央公論新社,200611,699.6,○
540,図書(和書),テレビ美術　　　　,,橋本 潔／編・著,レオ企画,199605,699.6,○
541,図書(和書),テレビ文明への告発状　　　　,,ニコラス・ジョンソン／著,ダイヤモンド社,197100,699,○
542,図書(和書),テレビ放送への提言　　　　,,津金沢 聡広／編著,ミネルヴァ書房,199911,699,○
543,図書(和書),テレビ放送を考える　　　　,,田宮 武／編著,ミネルヴァ書房,199005,699,○
544,図書(児童),テレビ放送のひみつ　　　　学研まんがでよくわかるシリーズ 66,学研まんがでよくわかるシリーズ 66,藤 みき生／漫画,学研パブリッシングコミュニケーションビジネス事業室,201203,699.6,○
545,図書(和書),テレビ放送人　　　　私の仕事,私の仕事,岸田 功／著,東洋経済新報社,197906,699,○
546,図書(和書),テレビ報道　　　　,,堀 宏／著,サイマル出版会,199401,699.64,○
547,図書(和書),テレビ報道記者　　　　,,下川 美奈／著,ワック,201612,699.64,○
548,図書(和書),テレビ報道の機能分析　　　　,,海後 宗男／著,風間書房,199911,699.64,○
549,図書(和書),テレビ報道職のワーク・ライフ・アンバランス　　　　,,林 香里／編著,大月書店,201311,699.3,○
550,図書(和書),テレビ報道論　　　　,,田宮 武／著,明石書店,199703,699.64,○
551,図書(和書),TV・マスコミ「ことば」の真相　　　　,,藤井 青銅／著,メディアファクトリー,200103,699.04,○
552,図書(和書),TV魔法のメディア　　　　ちくま新書 015,ちくま新書 015,桜井 哲夫／著,筑摩書房,199411,699.2,○
553,図書(和書),テレビ・メディアと日本人　　　　,,佐藤 二雄／著,すずさわ書店,199412,699,○
554,図書(和書),テレビメディアの社会力　　　　有斐閣選書 738,有斐閣選書 738,藤竹 暁／著,有斐閣,198503,699,○
555,図書(和書),テレビもあるでよ　　　　,,坪内 祐三／著,河出書房新社,201811,699.6,○
556,図書(和書),テレビ遊歩道　2　1996-2000　　,,松尾 羊一／著,メトロポリタン,200105,699.6,○
557,図書(和書),テレビ遊歩道　1　1991-1995　　,,松尾 羊一／著,メトロポリタン,200105,699.6,○
558,図書(和書),テレビよ、驕るなかれ　　　　,,岡本 愛彦／著,麦秋社,198310,699,○
559,図書(和書),テレビ・ラジオの仕事なり方完全ガイド　　　　好きな仕事実現シリーズ,好きな仕事実現シリーズ,,学研,200311,699.3,○
560,図書(和書),「テレビリアリティ」の時代　　　　,,大見 崇晴／著,大和書房,201312,699.21,○
561,図書(和書),テレビ60年　　　　東京ニュースムック,東京ニュースムック,,東京ニュース通信社,201208,699.21,○
562,図書(和書),テレビは噓が嫌い　　　　,,天野 祐吉／著,TBSブリタニカ,198609,699.04,○
563,図書(和書),テレビは国境を越えたか　　　　,,河村 雅隆／著,ブロンズ新社,201409,699.23,○
564,図書(和書),テレビはこれでよいのか　　　　岩波ブックレット No.52,岩波ブックレット No.52,ばば こういち／[著],岩波書店,198512,699,×
565,図書(和書),テレビは政治を動かすか　　　　NTT出版ライブラリーレゾナント 022,NTT出版ライブラリーレゾナント 022,草野 厚／著,NTT出版,200602,699.8,○
566,図書(和書),テレビは戦争をどう描いてきたか　　　　,,桜井 均／著,岩波書店,200509,699.64,○
567,図書(和書),テレビはなぜ、つまらなくなったのか　　　　,,金田 信一郎／著,日経BP社,200606,699.6,○
568,図書(和書),テレビは何をしてきたか　　　　,,松尾 羊一／著,中央経済社,198703,699.04,○
569,図書(和書),テレビは何を伝えているか　　　　,,和田 千年／[著],新潮社,199611,699.64,○
570,図書(和書),テレビは何を伝えてきたか　　　　ちくま文庫 う36-1,ちくま文庫 う36-1,植村 鞆音／著,筑摩書房,201206,699.21,○
571,図書(和書),テレビは日本人を「バカ」にしたか?　　　　平凡社新書 362,平凡社新書 362,北村 充史／著,平凡社,200702,699.21,○
572,図書(和書),テレビはニュースだ　　　　シリーズしごとの発見 1,シリーズしごとの発見 1,木村 太郎／著,太郎次郎社,198506,699.64,○
573,図書(和書),テレビは魔物か　　　　,,角間 隆／著,潮出版社,197700,699,○
574,図書(和書),テレビは余命7年　　　　,,指南役／著,大和書房,201109,699,○
575,図書(和書),テレビの思想　　　　,,佐藤忠男,三一書房,196600,699,○
576,図書(和書),テレビ局合格への道　2015年採用版　　　Wセミナーマスコミ就職シリーズ,Wセミナーマスコミ就職シリーズ,冨板 敦／著,早稲田経営出版,201308,699,○
577,図書(和書),テレビ局合格への道　　　　Wセミナーマスコミ就職シリーズ,Wセミナーマスコミ就職シリーズ,冨板 敦／著,早稲田経営出版,200709,699,○
578,図書(和書),テレビ局削減論　　　　新潮新書 449,新潮新書 449,石光 勝／著,新潮社,201112,699,○
579,図書(和書),テレビ局の裏側　　　　新潮新書 341,新潮新書 341,中川 勇樹／著,新潮社,200912,699,○
580,図書(和書),テレビ局の内定がほしいなら、これは知っておけ　　　　,,池内 正人／著,PHP研究所,200601,699,○
581,図書(和書),テレビ局はなぜ「放送法」を守らないのか　　　　,,小川 榮太郎／著,ベストセラーズ,201607,699.1,○
582,図書(和書),テレビ史ハンドブック　　　　総解説シリーズ,総解説シリーズ,伊予田 康弘／[ほか]執筆,自由国民社,199801,699.21,○
583,図書(和書),テレビ史ハンドブック　　　　総解説シリーズ,総解説シリーズ,伊予田 康弘／[ほか]執筆,自由国民社,199609,699.21,○
584,図書(和書),テレビ式　　　　講談社文庫,講談社文庫,横沢 彪／[著],講談社,198701,699.6,○
585,図書(和書),テレビジョン解体　　　　新記号論叢書<セミオトポス> 4,新記号論叢書<セミオトポス> 4,日本記号学会／編,慶應義塾大学出版会,200705,699.04,○
586,図書(和書),テレビ的教養　　　　日本の<現代> 14,日本の<現代> 14,佐藤 卓己／著,NTT出版,200805,699.21,○
587,図書(和書),テレビ的思考　　　　,,新藤 謙／著,三一書房,198005,699,○
588,図書(和書),テレビデイレクター　　　　,,田原総一朗／著,合同出版,197300,699,○
589,図書(和書),テレビ屋独白　　　　,,関口 宏／著,文藝春秋,201206,699.04,○
590,図書(和書),テレフィッション　　　　,,ルネ・ベルジェ／著,竹内書店新社,198004,699,○
591,図書(和書),デジタル時代の放送を考える　　　　,,川竹 和夫／編,学文社,199711,699.04,○
592,図書(和書),デジタル多チャンネル時代の衛星・ケーブルビジネス　　　　,,伊沢 偉行／著,日本能率協会マネジメントセンター,199712,699,○
593,図書(和書),デジタル放送　　　　テクノ図解,テクノ図解,池田 純一／著,東洋経済新報社,200011,699,○
594,図書(和書),電気紙芝居事始　　　　,,川井 正／著,河出書房新社,198205,699,○
595,図書(和書),電視的　　　　,,金平 茂紀／著,太田出版,199712,699.64,○
596,図書(和書),電波・電影・電視　　　　,,三澤 真美恵／編著,青弓社,201210,699.22,○
597,図書(和書),TOKYO CATV新時代　　　　,,東京都情報連絡室報道部調査課／編集,東京都情報連絡室報道部調査課,198900,699,×
598,図書(和書),東京12チャンネル運動部の情熱　　　　,,布施 鋼治／著,集英社,201207,699.65,○
599,図書(和書),東京12チャンネルの挑戦　　　　,,金子 明雄／著,三一書房,199807,699.6,○
600,図書(和書),東京放送のあゆみ　　　　,,東京放送社史編集室／編集,東京放送,196500,699.067,○
601,図書(児童),とつぜんきえたテレビジョン　　　　かこさとししゃかいの本,かこさとししゃかいの本,かこ さとし／さく,童心社,198605,699,○
602,図書(和書),トリビアの泉　15　　　,,フジテレビトリビア普及委員会／編,講談社,200604,699.67,○
603,図書(和書),トリビアの泉　16　　　,,フジテレビトリビア普及委員会／編,講談社,200604,699.67,○
604,図書(和書),トリビアの泉　17　　　,,フジテレビトリビア普及委員会／編,講談社,200609,699.67,○
605,図書(和書),トリビアの泉　18　　　,,フジテレビトリビア普及委員会／編,講談社,200609,699.67,○
606,図書(和書),トリビアの泉　19　　　,,フジテレビトリビア普及委員会／編,講談社,200701,699.67,○
607,図書(和書),トリビアの泉　1　　　,,フジテレビトリビア普及委員会／編,講談社,200306,699.67,○
608,図書(和書),トリビアの泉　2　　　,,フジテレビトリビア普及委員会／編,講談社,200306,699.67,○
609,図書(和書),トリビアの泉　3　　　,,フジテレビトリビア普及委員会／編,講談社,200309,699.67,○
610,図書(和書),トリビアの泉　4　　　,,フジテレビトリビア普及委員会／編,講談社,200311,699.67,○
611,図書(和書),トリビアの泉　5　　　,,フジテレビトリビア普及委員会／編,講談社,200403,699.67,○
612,図書(和書),トリビアの泉　6　　　,,フジテレビトリビア普及委員会／編,講談社,200403,699.67,○
613,図書(和書),トリビアの泉　7　　　,,フジテレビトリビア普及委員会／編,講談社,200407,699.67,○
614,図書(和書),トリビアの泉　8　　　,,フジテレビトリビア普及委員会／編,講談社,200408,699.67,○
615,図書(和書),トリビアの泉　9　　　,,フジテレビトリビア普及委員会／編,講談社,200412,699.67,○
616,図書(和書),トリビアの泉　10　　　,,フジテレビトリビア普及委員会／編,講談社,200412,699.67,○
617,図書(和書),トリビアの泉　11　　　,,フジテレビトリビア普及委員会／編,講談社,200504,699.67,○
618,図書(和書),トリビアの泉　12　　　,,フジテレビトリビア普及委員会／編,講談社,200504,699.67,○
619,図書(和書),トリビアの泉　13　　　,,フジテレビトリビア普及委員会／編,講談社,200511,699.67,○
620,図書(和書),トリビアの泉　14　　　,,フジテレビトリビア普及委員会／編,講談社,200511,699.67,○
621,図書(和書),「とんち教室」の時代　　　　,,青木 一雄／著,展望社,199902,699.67,○
622,図書(和書),「とんち教室」の時代　　　　,,青木 一雄／著,展望社,201003,699.67,○
623,図書(和書),とんねるずと『めちゃイケ』の終わり　　　　イースト新書 106,イースト新書 106,ラリー遠田／著,イースト・プレス,201808,699.67,○
624,図書(和書),ドキュメンタリーを作る　　　　,,山登 義明／著,京都大学学術出版会,200608,699.64,○
625,図書(和書),ドキュメンタリーを作る2.0　　　　,,山登 義明／著,京都大学学術出版会,201609,699.64,○
626,図書(和書),ドキュメンタリーとは何か　　　　,,河村 雅隆／著,ブロンズ新社,199508,699,○
627,図書(和書),ドキュメンタリーの語り方　　　　,,遠藤 大輔／著,勁草書房,201305,699.64,○
628,図書(和書),ドキュメンタリーの現場　　　　,,磯野 恭子／著,大阪書籍,199010,699.64,○
629,図書(和書),ドキュメンタリー私の現場　　　　,,相田 洋／著,日本放送出版協会,200312,699.64,○
630,図書(和書),ドキュメント現代放送界　Part2　　　現代情報双書 8,現代情報双書 8,石井 清司／著,理想出版社,198211,699,○
631,図書(和書),ドキュメント・テレビ時代　　　　,,塩沢 茂／著,講談社,197806,699,○
632,図書(和書),ドキュメント BBC王国の崩壊　　　　,,マイケル・リープマン／著,日本放送出版協会,198907,699.067,○
633,図書(和書),ドキュメント放送戦後史　1　知られざるその軌跡　　,,松田 浩／著,双柿舎,198005,699.21,○
634,図書(和書),ドキュメント放送戦後史　2　操作とジャーナリズム　　,,松田 浩／著,双柿舎,198105,699.21,○
635,図書(和書),ドキュメント「みなさまのNHK」　　　　,,津田 正夫／著,現代書館,201606,699.21,○
636,図書(和書),土曜日に逢いましょう　　　　,,永 六輔／著,毎日新聞社,199810,699.67,○
637,図書(和書),ドラマを愛した女のドラマ　　　　,,小林 由紀子／著,草思社,199511,699.67,○
638,図書(和書),ドラマ人間テレビ語り　　　　,,和田 勉／著,講談社,198005,699,○
639,図書(和書),ドントパスミーバイ　　　　,,根本 敬／著,東京キララ社,201106,699.66,○
640,図書(和書),中の人などいない　　　　新潮文庫 あ-82-1,新潮文庫 あ-82-1,浅生 鴨／著,新潮社,201506,699.21,○
641,図書(和書),中の人などいない@NHK広報のツイートはなぜユルい?　　　　,,NHK_PR1号／著,新潮社,201210,699.21,○
642,図書(和書),泣き虫プロデューサーの遺言状　　　　,,平山 亨／著,講談社,201211,699.67,○
643,図書(和書),懐かしのNHKこども番組コレクション　　　　,,泉 麻人／ほか著,アスキー,200506,699.6,○
644,図書(和書),懐かしのテレビ黄金時代　　　　平凡社新書 659,平凡社新書 659,瀬戸川 宗太／著,平凡社,201210,699.6,○
645,図書(和書),70年代と80年代　　　　,,市川 哲夫／編,毎日新聞出版,201507,699.21,○
646,図書(和書),2時間ドラマ40年の軌跡　　　　TOKYO NEWS BOOKS,TOKYO NEWS BOOKS,大野 茂／著,東京ニュース通信社,201804,699.67,○
647,図書(和書),20世紀放送史　下　　　,,日本放送協会／編,日本放送出版協会,200103,699.21,×
648,図書(和書),20世紀放送史　上　　　,,日本放送協会／編,日本放送出版協会,200103,699.21,×
649,図書(和書),20世紀放送史　年表　　　,,日本放送協会／編,日本放送出版協会,200103,699.21,×
650,図書(和書),21世紀放送の論点　　　　,,郵政研究所／編,日刊工業新聞社,199810,699.04,○
651,図書(和書),二十三時的　　　　,,金平 茂紀／著,スイッチ・パブリッシング,200211,699.64,○
652,図書(和書),2011年7月24日　　　　朝日新書 052,朝日新書 052,岡村 黎明／著,朝日新聞社,200706,699.21,○
653,図書(和書),「日曜娯楽版」時代　　　　,,井上 保／著,晶文社,199210,699.67,○
654,図書(和書),日本スポーツ放送史　　　　,,橋本 一夫／著,大修館書店,199204,699.65,○
655,図書(和書),日本テレビ・朝日放送　　　　日本のビッグ・ビジネス 02,日本のビッグ・ビジネス 02,野村 秀和／著,大月書店,199008,699.067,○
656,図書(和書),日本テレビとCIA　　　　,,有馬 哲夫／著,新潮社,200610,699.21,○
657,図書(和書),日本テレビの「1秒戦略」　　　　小学館新書 277,小学館新書 277,岩崎 達也／著,小学館,201612,699.6,○
658,図書(和書),日本テレビ・ポスターコレクション　　　　,,,日本テレビ放送網,199212,699.6,×
659,図書(和書),日本の地方CATV　　　　中央大学社会科学研究所研究叢書 9,中央大学社会科学研究所研究叢書 9,林 茂樹／編著,中央大学出版部,200103,699.78,○
660,図書(和書),日本のテレビドキュメンタリーの歴史社会学　　　　明石ライブラリー 160,明石ライブラリー 160,崔 銀姫／著,明石書店,201510,699.64,○
661,図書(和書),日本のテレビ文化　　　　有斐閣選書 696,有斐閣選書 696,北村 日出夫／編,有斐閣,198301,699.21,○
662,図書(和書),日本の名前をください　　　　,,青樹 明子／著,新潮社,200112,699.66,○
663,図書(和書),日本放送史　上　　　,,日本放送協会／編,日本放送出版協会,196500,699.21,×
664,図書(和書),日本放送史　下　　　,,日本放送協会／編,日本放送出版協会,196500,699.21,×
665,図書(和書),日本放送史　別巻　　　,,日本放送協会／編,日本放送出版協会,196500,699.21,×
666,図書(和書),日本民間放送年鑑　2014　　　,,日本民間放送連盟／編,コーケン出版(発売),201411,699.38,○
667,図書(和書),日本民間放送年鑑　2011　　　,,日本民間放送連盟／編,コーケン出版(発売),201111,699.38,○
668,図書(和書),NEW 日本民間放送年鑑　2019　　　,,日本民間放送連盟／編,コーケン出版(発売),201911,699.38,×
669,図書(和書),日本民間放送年鑑　2018　　　,,日本民間放送連盟／編,コーケン出版(発売),201811,699.38,○
670,図書(和書),日本民間放送年鑑　2010　　　,,日本民間放送連盟／編,コーケン出版(発売),201011,699.38,○
671,図書(和書),日本民間放送年鑑　2017　　　,,日本民間放送連盟／編,コーケン出版(発売),201711,699.38,○
672,図書(和書),日本民間放送年鑑　2016　　　,,日本民間放送連盟／編,コーケン出版(発売),201611,699.38,○
673,図書(和書),日本民間放送年鑑　2015　　　,,日本民間放送連盟／編,コーケン出版(発売),201511,699.38,○
674,図書(和書),日本民間放送年鑑　2012　　　,,日本民間放送連盟／編,コーケン出版(発売),201211,699.38,○
675,図書(和書),日本民間放送年鑑　2013　　　,,日本民間放送連盟／編,コーケン出版(発売),201311,699.38,○
676,図書(和書),日本民間放送年鑑　2009　　　,,日本民間放送連盟／編,コーケン出版(発売),200911,699.38,○
677,図書(和書),日本放送年鑑　’７４　　　　,,,千秋社,197200,699,○
678,図書(和書),日本放送年鑑　‘７２　　　　,,日本民間放送連盟／編,テレビ企画,197200,699,○
679,図書(和書),日本放送年鑑　’７０　　　　,,日本民間放送連盟／編,岩崎放送出版,197000,699,○
680,図書(和書),日本放送年艦　’７１　　　　,,日本民間放送連盟／編,岩崎放送出版社,197100,699,○
681,図書(和書),ニュースへの挑戦　　　　,,木村 太郎／著,日本放送出版協会,198807,699.64,○
682,図書(児童),ニュースをつたえる　　　　小学生・社会科見学シリーズ 24,小学生・社会科見学シリーズ 24,次山 信男／指導,ポプラ社,198704,699.64,○
683,図書(和書),ニュースキャスター　　　　集英社新書 0145,集英社新書 0145,筑紫 哲也／著,集英社,200206,699.64,○
684,図書(和書),ニュースキャスター　　　　中公新書 1051,中公新書 1051,田草川 弘／著,中央公論社,199112,699.64,○
685,図書(和書),ニュースキャスター　　　　文春新書 854,文春新書 854,大越 健介／著,文藝春秋,201204,699.39,○
686,図書(和書),ニュースステーション政治記者奮闘記　　　　,,三反園 訓／著,ダイヤモンド社,200312,699.64,○
687,図書(児童),ニュースステーションの24時　　　　どんぐりブックス 28,どんぐりブックス 28,川内 一誠／著,ポプラ社,199205,699.64,○
688,図書(和書),ニュース帝国の苦悩　　　　,,ピーター・ボイヤー／著,TBSブリタニカ,199012,699.253,○
689,図書(和書),ニュース・ドクター　　　　,,ロン・パワーズ／著,サイマル出版会,198207,699.64,○
690,図書(児童),ニュースの現場で考える　　　　イワサキ・ノンフィクション 1,イワサキ・ノンフィクション 1,池上 彰／著,岩崎書店,200412,699.64,○
691,図書(和書),ニュース、みてますか?　　　　ワニブックス|PLUS|新書 138,ワニブックス|PLUS|新書 138,杉江 義浩／著,ワニブックス,201504,699.64,○
692,図書(和書),ニュース原稿の書き方　　　　,,奥秋義信／著,岩崎放送出版社,197000,699.3,×
693,図書(和書),ぬかよろこび　　　　,,嬉野 雅道／著,KADOKAWA,201705,699.3,○
694,図書(和書),ネオンサインと月光仮面　　　　,,佐々木 守／著,筑摩書房,200506,699.67,○
695,図書(和書),ネット時代のパブリック・アクセス　　　　,,金山 勉／編,世界思想社,201104,699,○
696,図書(和書),ネットワーク・メディアの経済学　　　　,,春日 教測／著,慶應義塾大学出版会,201407,699,○
697,図書(和書),眠れぬ夜のラジオ深夜便　　　　新潮新書 064,新潮新書 064,宇田川 清江／著,新潮社,200404,699.67,○
698,図書(和書),眠れるメディア“テレビ”　　　　,,小山内 豊彦／著,北の街社,199700,699.21,○
699,図書(和書),年間テレビベスト番組　第1集(1977年度)　　　,,志賀 信夫／選,年間テレビベスト番組出版会,197800,699.6,○
700,図書(和書),はい、ニュースキャスターです　　　　講談社文庫,講談社文庫,宮崎 緑／[著],講談社,198705,699.6,○
701,図書(和書),拝啓元トモ様　　　　,,TBSラジオ「ライムスター宇多丸のウィークエンド・シャッフル」&「アフター6ジャンクション」／編,筑摩書房,201907,699.67,×
702,図書(和書),敗者の読書術　　　　,,高橋 弘樹／著,主婦の友社,201507,699.6,○
703,図書(和書),ハイビジョン・ソフト入門　　　　,,志賀 信夫／編著,日本放送出版協会,198807,699,○
704,図書(和書),ハイビジョンの創造と文化　　　　,,ハイビジョン文化研究会／編,日本放送出版協会,199003,699,○
705,図書(和書),はかま満緒の放送史探検　　　　朝日文庫,朝日文庫,はかま 満緒／著,朝日新聞社,199510,699.21,○
706,図書(和書),「箱根駅伝」不可能に挑んだ男たち　　　　,,原島 由美子／著,ヴィレッジブックス,200712,699.65,○
707,図書(和書),「箱根駅伝」不可能に挑んだ男たち　　　　,,原島　由美子／著,ヴィレッジブックス,200712,699.65,○
708,図書(和書),はじめてのおつかい　　　　,,渡辺 祐子／著,日本テレビ放送網,199809,699.67,○
709,図書(和書),8時だョ!全員集合伝説　　　　,,居作 昌果／著,双葉社,199909,699.67,○
710,図書(和書),8時だョ!全員集合の作り方　　　　,,山田 満郎／著,双葉社,200105,699.67,○
711,図書(和書),発想の現場から　　　　文春新書 255,文春新書 255,吉田 直哉／著,文芸春秋,200206,699.6,○
712,図書(和書),発表!輝くバカテスト大賞　　　　,,バク天!総合研究所／[編],小学館,200408,699.67,○
713,図書(和書),ハブ・マーシー!　下　　　,,ウルフマン・ジャック／著,中央アート出版社,199802,699.66,○
714,図書(和書),ハブ・マーシー!　上　　　,,ウルフマン・ジャック／著,中央アート出版社,199802,699.66,○
715,図書(和書),はやく起きた朝は…Magazine　　　　扶桑社MOOK,扶桑社MOOK,,扶桑社,201309,699.67,○
716,図書(和書),林修の今でしょ!講座　11人のスーパードクターから学んだ「身近な病気のヒミツ」編　　　,,,KADOKAWA,201504,699.63,○
717,図書(和書),林家たい平笑点絵日記　　　　,,林家 たい平／著,ぴあ,200702,699.67,○
718,図書(和書),腹を割って話した　　　　,,藤村 忠寿／著,イースト・プレス,201103,699.67,○
719,図書(和書),腹を割って話した　　　　,,藤村 忠寿／著,イースト・プレス,201309,699.67,○
720,図書(和書),半熟アナ　　　　,,狩野 恵里／著,KADOKAWA,201602,699.39,○
721,図書(和書),バックステージヒーローズ　　　　,,長野 辰次／著,朝日ソノラマ,200109,699.6,○
722,図書(和書),パック・イン・ミュージック　　　　,,伊藤 友治／編著,DU BOOKS,201510,699.67,○
723,図書(和書),パブリック・アクセス　　　　,,津田 正夫／編,リベルタ出版,199807,699.78,○
724,図書(和書),パブリック・アクセスを学ぶ人のために　　　　,,津田 正夫／編,世界思想社,200209,699,○
725,図書(和書),パブリック・アクセスを学ぶ人のために　　　　,,津田 正夫／編,世界思想社,200604,699,○
726,図書(和書),光と波のジャーナリズム　　　　,,今村 庸一／著,サイマル出版会,199305,699,○
727,図書(和書),低み　　　　,,TBSラジオ「ライムスター宇多丸のウィークエンド・シャッフル」／編,イースト・プレス,201809,699.67,○
728,図書(和書),ヒットマン　　　　,,大多 亮／著,角川書店,199606,699.67,○
729,図書(和書),ひとこころふれ愛　　　　,,小川 宏／著,広済堂出版,199312,699.6,○
730,図書(和書),ひねり出す力　　　　,,内村 宏幸／著,集英社クリエイティブ,201607,699.67,○
731,図書(和書),ひょうきんディレクター、三宅デタガリ恵介です　　　　,,三宅 恵介／著,新潮社,201507,699.3,○
732,図書(和書),表現する市民たち　　　　NHKブックス 841,NHKブックス 841,児島 和人／編著,日本放送出版協会,199810,699.781,○
733,図書(和書),表紙で振り返るTVガイド50年　　　　東京ニュースムック 通巻277号 TVガイド,東京ニュースムック 通巻277号 TVガイド,,東京ニュース通信社,201203,699.6,×
734,図書(和書),ひらあやまり　　　　,,嬉野 雅道／著,KADOKAWA,201507,699.3,○
735,図書(和書),ひらあやまり　　　　角川文庫 う29-1,角川文庫 う29-1,嬉野 雅道／[著],KADOKAWA,201903,699.3,×
736,図書(和書),平山夢明と京極夏彦のバッカみたい、読んでランナイ!　　　　,,平山 夢明／[著],TOKYO FM出版,201011,699.67,○
737,図書(和書),ひるまない　　　　Grazia Books,Grazia Books,安藤 優子／著,講談社,201002,699.39,○
738,図書(和書),ビッグバードが教えてくれた大切なこと　　　　,,キャロル・スピニー／著,PHP研究所,200509,699.68,○
739,図書(和書),BBCイギリス放送協会　　　　,,簑葉 信弘／著,東信堂,200301,699.067,○
740,図書(和書),BBCの挑戦　　　　,,坂本 勝／編著,日本放送出版協会,199503,699.067,○
741,図書(和書),BPOと放送の自由　　　　,,三宅 弘／著,日本評論社,201606,699.06,○
742,図書(和書),ピース・トーク　　　　,,北山 節郎／著,ゆまに書房,199609,699.69,○
743,図書(和書),深ボリ　　　　,,森山 直太朗／著,マガジンハウス,201209,699.67,○
744,図書(和書),フジテレビアナウンサーになろう!　　　　,,,扶桑社,200706,699.39,○
745,図書(和書),フジテレビ・全仕事　　　　,,フジテレビジョン／編,扶桑社,200810,699.067,○
746,図書(和書),フジテレビ凋落の全内幕　　　　,,中川 一徳／ほか著,宝島社,201609,699.067,○
747,図書(和書),フジテレビはなぜ凋落したのか　　　　新潮新書 661,新潮新書 661,吉野 嘉高／著,新潮社,201603,699.067,○
748,図書(和書),ふれあい2000万人の「のど自慢」　　　　,,金子 辰雄／著,講談社,198808,699.66,○
749,図書(和書),部活でスキルアップ!放送活躍のポイント50　　　　コツがわかる本,コツがわかる本,さらだ たまこ／監修,メイツ出版,201908,699,○
750,図書(和書),ブラウン管の裏側　　　　,,志賀 信夫／[著],日本工業新聞社,197700,699,○
751,図書(和書),文化と放送の役割　　　　,,新堀 通也／[ほか]編著,第一法規,198203,699,○
752,図書(和書),文化系トークラジオLife　　　　,,鈴木 謙介／著,本の雑誌社,200711,699.67,○
753,図書(和書),プロデューサー感覚　　　　,,横沢 彪／著,朝日新聞社,198706,699.6,○
754,図書(和書),プロデューサーの旅路　　　　,,近藤 晋／著,朝日新聞社,198510,699.67,○
755,図書(和書),プロパガンダ・ラジオ　　　　,,渡辺 考／著,筑摩書房,201408,699.69,○
756,図書(和書),プロ野球感動名場面完全読本　　　　,,ニッポン放送／編著,ベースボール・マガジン社,201610,699.65,○
757,図書(和書),変容するNHK　　　　,,川本 裕司／著,花伝社,201902,699.21,○
758,図書(和書),変容するメディアとニュース報道　　　　,,萩原 滋／編著,丸善,200102,699.64,○
759,図書(和書),ベストヒットUSA welcome　　　　,,,テレビ朝日,198504,699.66,○
760,図書(和書),放送　　　　21世紀のマスコミ 02,21世紀のマスコミ 02,服部 孝章／編,大月書店,199708,699.21,○
761,図書(和書),放送ウーマンの70年　　　　,,日本女性放送者懇談会／編,講談社,199406,699.21,○
762,図書(和書),放送衛星をめぐる自由と規制　　　　,,山本 草二／著,玉川大学出版部,197912,547.66/699.1,○
763,図書(和書),放送を市民の手に　　　　メディア総研ブックレット Number 1,メディア総研ブックレット Number 1,メディア総合研究所／編,花伝社,199801,699,○
764,図書(和書),放送が作ったアメリカ　　　　,,河村 雅隆／著,ブロンズ新社,201111,699.253,○
765,図書(和書),放送禁止　　　　,,長江 俊和／著,角川学芸出版,200907,699.67,×
766,図書(和書),放送禁止映像大全　　　　,,天野 ミチヒロ／著,三才ブックス,200507,699.67,○
767,図書(和書),放送禁止映像大全　　　　文春文庫 あ56-1,文春文庫 あ56-1,天野 ミチヒロ／著,文藝春秋,200905,699.67,○
768,図書(和書),放送業界大再編　　　　B&Tブックス,B&Tブックス,西 正／著,日刊工業新聞社,200406,699.21,○
769,図書(和書),放送研究入門　　　　,,日本放送協会総合放送文化研究所放送学研究室／編集,日本放送出版協会,197400,699,○
770,図書(和書),放送高度化ビジョン2010　　　　,,放送高度化ビジョン懇談会／編,日刊工業新聞社,199608,699,○
771,図書(和書),放送五十年史　[本編]　　　,,日本放送協会／編集,日本放送出版協会,197700,699.21,○
772,図書(和書),放送五十年史　資料編　　　,,日本放送協会／編集,日本放送出版協会,197700,699.21,○
773,図書(和書),放送作家という生き方　　　　イースト新書Q Q036 仕事と生き方,イースト新書Q Q036 仕事と生き方,村上 卓史／[著],イースト・プレス,201711,699.67,○
774,図書(和書),放送作家の時間　　　　,,大倉 徹也／著,イースト・プレス,201909,699.6,○
775,図書(和書),放送・出版・コンテンツ業界　98年度版　　　業界別マーケティングデータ集 1,業界別マーケティングデータ集 1,中村 実生雄／編集,ホロン,199806,699.059,○
776,図書(和書),放送新時代　　　　,,斎藤 守慶／著,TBSブリタニカ,198907,699,○
777,図書(和書),放送ジャーナリスト入門　　　　,,江間 守一／著,時事通信社,198101,699.3,○
778,図書(和書),放送その過去・現在・未来　　　　,,土谷 精作／著,丸善,199503,699.2,○
779,図書(和書),放送中止事件50年　　　　メディア総研ブックレット Number10,メディア総研ブックレット Number10,メディア総合研究所／編,花伝社,200507,699.21,○
780,図書(和書),放送・通信業界「テレビ戦争」　　　　,,梛野 順三／著,ぱる出版,200608,699.21,○
781,図書(和書),放送デジタル化の功罪　　　　CK books,CK books,西 正／著,中央経済社,200003,699,○
782,図書(和書),放送と社会　　　　,,日本民間放送連盟／編,東洋経済新報社,198807,699,○
783,図書(和書),放送にかかわる仕事　　　　知りたい!なりたい!職業ガイド,知りたい!なりたい!職業ガイド,,ほるぷ出版,199902,699,○
784,図書(和書),放送の五十年　　　　,,NHK／編,日本放送出版協会,197700,699.21,○
785,図書(和書),NEW 放送の自由　　　　岩波新書 新赤版 1810,岩波新書 新赤版 1810,川端 和治／著,岩波書店,201911,699.1,○
786,図書(和書),「放送の自由」のために　　　　,,日本民間放送連盟研究所／編,日本評論社,199709,699.04,○
787,図書(和書),放送の20世紀　　　　,,NHK放送文化研究所／監修,日本放送出版協会,200203,699.21,○
788,図書(和書),放送白書　'75　放送を変えるものは　　,,放送白書編集委員会／編集,日本放送労働組合,197500,699.21,○
789,図書(和書),放送博物館10年　　　　,,[NHK放送博物館／編],NHK放送博物館,196700,699.06,○
790,図書(和書),放送博物館の三十年　　　　,,NHK放送博物館／編,NHK放送博物館,198600,699.06,○
791,図書(和書),放送博物館の60年　　　　,,NHK放送博物館／編集,NHK放送博物館,201612,699.06,○
792,図書(和書),放送ハンドブック　　　　,,日本民間放送連盟／編,東洋経済新報社,199708,699.036,○
793,図書(和書),放送ビッグバン　　　　B&Tブックス,B&Tブックス,西 正／著,日刊工業新聞社,199704,699.21,○
794,図書(和書),放送文化小史・年表　　　　,,金沢 覚太郎／編著,岩崎放送出版社,196600,699.2,○
795,図書(和書),「放送文化」誌にみる昭和放送史　　　　,,日本放送出版協会／編,日本放送出版協会,199003,699.21,○
796,図書(和書),放送メディア入門　　　　,,稲田 植輝／著,社会評論社,199303,699,○
797,図書(和書),放送よもやま話　　　　あずさ選書,あずさ選書,坂本 朝一／著,あずさ書房,198104,699.04,○
798,図書(和書),放送六法　平成2年度版　　　,,郵政省放送行政局企画課／編,ぎょうせい,199102,699.1,○
799,図書(児童),放送局で働く人たち　　　　しごと場見学!,しごと場見学!,山中 伊知郎／著,ぺりかん社,201010,699.3,○
800,図書(和書),放送業界主要11社の経営比較　　　　資料産業界シリーズ 会社全資料 27,資料産業界シリーズ 会社全資料 27,放送経営比較研究会／編,教育社,198104,699.3,○
801,図書(和書),放送法を読みとく　　　　,,鈴木 秀美／編著,商事法務,200907,699.1,○
802,図書(和書),報道ステーションは正義か不実か　　　　ベスト新書 485,ベスト新書 485,長谷川 豊／著,ベストセラーズ,201512,699.64,○
803,図書(和書),報道戦争　　　　,,大下 英治／著,講談社,199502,699.64,○
804,図書(和書),「報道のTBS」はなぜ崩壊したか　　　　,,川辺 克朗／著,光文社,199709,699.64,○
805,図書(和書),ホストセリングを知っていますか?　　　　,,山下 玲子／著,春風社,201503,699.8,○
806,図書(和書),本気で巨大メディアを変えようとした男　　　　,,小野 善邦／著,現代書館,200905,699.21,○
807,図書(和書),暴走司会者　　　　,,田原 総一朗／著,中央公論新社,201612,699.64,○
808,図書(和書),僕がメディアで伝えたいこと　　　　講談社現代新書 2223,講談社現代新書 2223,堀 潤／著,講談社,201309,699.64,○
809,図書(和書),僕のNHK物語　　　　,,冨沢 満／著,バジリコ,201112,699.64,○
810,図書(和書),僕はFMしか知らなかった　　　　,,FM大阪編成部／編,共同通信社,198112,699.38,○
811,図書(和書),マイク人生うらおもて　　　　,,藤倉 修一／著,エイジ出版,198205,699.21,○
812,図書(和書),マイクは死んでも離さない　　　　,,倉持 隆夫／著,新潮社,201001,699.65,○
813,図書(和書),マスコミ海外紀行　　　　,,NHK海外取材班／著,日本放送出版協会,197100,699.2,○
814,図書(和書),まや★日記　　　　,,小林 麻耶／著,小学館,200903,699.39,○
815,図書(和書),まや道　　　　,,小林 麻耶／著,小学館,201605,699.39,○
816,図書(和書),マロー・ボーイズ　　　　,,スタンリー・クラウド／著,日本放送出版協会,199909,699.253,○
817,図書(和書),「見たいテレビ」が今日もない　　　　双葉新書 092,双葉新書 092,長谷川 豊／著,双葉社,201405,699.21,○
818,図書(和書),ミナモトノミナモト。　　　　,,中野 美奈子／著,幻冬舎,201301,699.39,○
819,図書(和書),「ミヤネ屋」の秘密　　　　講談社+α新書 759-1C,講談社+α新書 759-1C,春川 正明／[著],講談社,201703,699.64,○
820,図書(和書),昔ここにラジオがあった　　　　現代叢書 3,現代叢書 3,QRラジオマン・グループ／編著,東洋書店,200610,699.067,○
821,図書(和書),向き合う仕事　　　　,,大越 健介／著,朝日新聞出版,201305,699.39,○
822,図書(和書),ムーブ!　　　　,,片瀬 京子／著,西日本出版社,200907,699.64,○
823,図書(和書),メディア・アクセスとNPO　　　　,,津田 正夫／著,リベルタ出版,200101,699.64,○
824,図書(和書),メディアが震えた　　　　,,丹羽 美之／編,東京大学出版会,201305,699.21,○
825,図書(児童),メディア業界ナビ　6　番組制作・技術・美術60の仕事　　,,メディア業界ナビ編集室／編・著,理論社,200710,361.453,○
826,図書(児童),メディア業界ナビ　2　テレビ局・ラジオ局64の仕事　　,,メディア業界ナビ編集室／編・著,理論社,200611,361.453,○
827,図書(和書),メディアのしくみ　　　　,,南条 岳彦／著,明石書店,199606,699,○
828,図書(和書),メディアの始末記　　　　,,原口 和久／著,新風舎,199802,699.64,○
829,図書(和書),メディアの日本語　　　　,,長谷川 勝彦／著,万葉舎,200011,699.39,○
830,図書(和書),メディアの黙示録　　　　,,西 正／著,角川書店,200304,699.21,○
831,図書(和書),メディアリテラシーの道具箱　　　　,,東京大学情報学環メルプロジェクト／編,東京大学出版会,200507,699,○
832,図書(和書),もういちどつくりたい　　　　,,渡辺 考／著,講談社,201308,699.64,○
833,図書(和書),物語の放送形態論　　　　,,畠山 兆子／著,世界思想社,200009,699.67,○
834,図書(児童),ものづくりの現場で役立つ算数・理科　4　メディア　　,,坪田 耕三／監修,学研,200802,404,○
835,図書(和書),モンティ・パイソン大全　　　　映画秘宝COLLECTION 7,映画秘宝COLLECTION 7,須田 泰成／著,洋泉社,199902,699.67,○
836,図書(和書),山田クンとざぶとん　　　　,,山田 隆夫／著,双葉社,201211,699.67,○
837,図書(和書),やむをえぬ事情により…　　　　,,フレッド・フレンドリー／著,早川書房,200604,699.253,○
838,図書(和書),許せん!!　　　　,,吉川 潮／著,講談社,200011,699.6,○
839,図書(和書),ユーザーからのテレビ通信簿　　　　,,山下 玲子／編著,学文社,201306,699.6,○
840,図書(和書),幼児の生活とテレビ　　　　,,NHK放送世論調査所／編,日本放送出版協会,198107,376.11/699,○
841,図書(和書),よくわかる放送業界　　　　業界の最新常識,業界の最新常識,河本 久廣／著,日本実業出版社,200610,699.21,○
842,図書(和書),欲望のメディア　　　　,,猪瀬 直樹／著,小学館,199011,699.21,○
843,図書(和書),欲望のメディア　　　　小学館文庫 い7-4,小学館文庫 い7-4,猪瀬 直樹／著,小学館,201303,699.21,○
844,図書(和書),四畳半テレビ電波大作戦　　　　,,猪木 俊一／著,新評社,198100,699.38,○
845,図書(和書),読売新聞・日本テレビグループ研究　　　　同時代叢書,同時代叢書,征矢野 仁／著,汐文社,197909,070.67/699.067,○
846,図書(和書),読むきんくる!　　　　,,NHK沖縄「沖縄金曜クルーズ」制作班／編,ボーダーインク,201207,699.63,○
847,図書(和書),ライムスター宇多丸のウィークエンド・シャッフル“神回”傑作選　Vol.1　　　,,TBSラジオ「ライムスター宇多丸のウィークエンド・シャッフル」／編,スモール出版,201503,699.67,×
848,図書(和書),ラジオを語ろう　　　　岩波ブックレット No.550,岩波ブックレット No.550,秋山 ちえ子／[著],岩波書店,200110,699.6,○
849,図書(和書),ラジオが好き!　　　　,,村上 信夫／著,海竜社,201011,699,○
850,図書(和書),ラジオ空想科学研究所　第1夜　最強の剣士は誰だ?編　　空想科学文庫 36,空想科学文庫 36,武井 咲／著,メディアファクトリー,201112,699.67,○
851,図書(和書),ラジオ深夜便読本宇田川清江特集　　　　ステラMOOK,ステラMOOK,,NHKサービスセンター,201003,699.67,○
852,図書(和書),ラジオ・ジャパン発緊急報道　　　　,,松田 三郎／著,日本放送出版協会,199104,699.69,○
853,図書(和書),ラジオと地域と図書館と　　　　,,内野 安彦／編著,ほおずき書籍,201702,699,○
854,図書(和書),ラジオ・トウキョウ　1　真珠湾への道　　,,北山 節郎／著,田畑書店,198711,699.69,○
855,図書(和書),ラジオにかかわる仕事　　　　知りたい!なりたい!職業ガイド,知りたい!なりたい!職業ガイド,,ほるぷ出版,200610,699.3,○
856,図書(和書),ラジオに恋して　　　　,,ルーシー・ケント／著,ゴマブックス,201704,699.66,○
857,図書(和書),ラジオ年鑑　1953　　　,,日本放送協会／編,ラジオサービスセンター,195212,699.059,×
858,図書(和書),ラジオのお仕事　　　　,,室井 昌也／著,勉誠出版,201510,699.3,○
859,図書(和書),ラジオの学校　　　　,,河内 紀／著,筑摩書房,200401,699.6,○
860,図書(和書),ラジオのこちら側で　　　　岩波新書 新赤版 1411,岩波新書 新赤版 1411,ピーター・バラカン／著,岩波書店,201301,699.66,○
861,図書(和書),ラジオの昭和　　　　,,丸山 鐡雄／著,幻戯書房,201203,699.21,○
862,図書(和書),ラジオの時代　　　　,,竹山 昭子／著,世界思想社,200207,699.21,○
863,図書(和書),ラジオのすごい人たち　　　　,,豊田 拓臣／著,アスペクト,201208,699.67,○
864,図書(和書),ラジオの戦争責任　　　　PHP新書 508,PHP新書 508,坂本 慎一／著,PHP研究所,200803,699.8,○
865,図書(和書),ラジオの魂　　　　,,小島 慶子／著,河出書房新社,201103,699.39,○
866,図書(和書),ラジオブロス　　　　,,川野 将一／著,イースト・プレス,201611,699.6,○
867,図書(和書),ラジオは何時もホットなメディア　　　　,,吉岡 翔／著,弓立社,199711,699,○
868,図書(和書),ラジオは真実を報道できるか　　　　,,ラジオフォーラム／著,岩波書店,201502,699.64,○
869,図書(和書),ラジオ演出読本　　　　,,ベルナール・クーパー／著,日本放送出版協会,195009,699.67/778.8,×
870,図書(和書),ラジオマン　　　　,,吉田 照美／著,ぴあ,201311,699.67,○
871,図書(和書),隆元・弘達の実録「時事放談」うらおもて　　　　,,細川 隆元／著,山手書房,197904,699.6,○
872,図書(和書),料理の鉄人大全　　　　,,番組スタッフ／編,フジテレビ出版,200002,699.67,○
873,図書(和書),65億のハートをつかめ!　　　　,,TBS世界陸上プロジェクトチーム／編,ベースボール・マガジン社,200812,699.65,○
874,図書(和書),六本木夢狂走　　　　,,江森 陽弘／著,テレビ朝日,198504,699.3,○
875,図書(和書),ローカルテレビの60年　　　　,,日本大学法学部新聞学研究所／監修,森話社,201808,699.21,×
876,図書(和書),ワイド・ショーの原点　　　　,,浅田 孝彦／著,新泉社,198705,699.6,○
877,図書(和書),ワイドショーに弁護士が出演する理由(わけ)　　　　平凡社新書 111,平凡社新書 111,小池 振一郎／著,平凡社,200110,699.64,○
878,図書(和書),私のなかのテレビ　　　　朝日選書 86,朝日選書 86,吉田 直哉／著,朝日新聞社,197700,699,○
879,図書(和書),私に1分間時間を下さい!　　　　,,鈴木 健二／著,祥伝社,201312,699.66,○
880,図書(和書),わたしの空気のつくりかた　　　　,,唐橋 ユミ／著,徳間書店,201410,699.39,○
881,図書(和書),NEW 私の「紅白歌合戦」物語　　　　文春文庫 や13-6,文春文庫 や13-6,山川 静夫／著,文藝春秋,201912,699.66,×
882,図書(和書),わたしの民間放送史　　　　評論社の現代選書 26,評論社の現代選書 26,新井 和子／著,評論社,197909,699.38,○
883,図書(和書),笑う仕事術　　　　ワニブックス|PLUS|新書 122,ワニブックス|PLUS|新書 122,菅 賢治／著,ワニブックス,201409,699.6,×
884,図書(和書),笑う洋楽展　　　　,,みうら じゅん／著,マイクロマガジン社,201610,699.66,○
885,図書(和書),Vチップ　　　　メディア総研ブックレット Number 3,メディア総研ブックレット Number 3,メディア総合研究所／編,花伝社,199812,699.8,○
886,図書(洋書),解密中国電視　　　　,,張錦力／著,神奈川共同出版,199904,699,○
